AREA_NAME,YEAR,CATEGORY,AUTO_THEFT_COORDINATED,AUTO_THEFT_RECOVERED,AUTO_THEFT_STOLEN
ANDAMAN & NICOBAR ISLANDS,2001, CYCLES/ SCOOTERS,0,4,4
ANDHRA PRADESH,2001, CYCLES/ SCOOTERS,136,1311,2725
ARUNACHAL PRADESH,2001, CYCLES/ SCOOTERS,0,21,27
ASSAM,2001, CYCLES/ SCOOTERS,0,94,205
BIHAR,2001, CYCLES/ SCOOTERS,44,205,946
CHANDIGARH,2001, CYCLES/ SCOOTERS,0,107,281
CHHATTISGARH,2001, CYCLES/ SCOOTERS,0,338,790
DADRA & NAGAR HAVELI,2001, CYCLES/ SCOOTERS,0,4,12
DELHI,2001, CYCLES/ SCOOTERS,62,688,3185
GOA,2001, CYCLES/ SCOOTERS,9,68,152
GUJARAT,2001, CYCLES/ SCOOTERS,401,1345,4830
HARYANA,2001, CYCLES/ SCOOTERS,34,882,1967
HIMACHAL PRADESH,2001, CYCLES/ SCOOTERS,7,31,47
JAMMU & KASHMIR,2001, CYCLES/ SCOOTERS,1,81,460
JHARKHAND,2001, CYCLES/ SCOOTERS,10,38,211
KARNATAKA,2001, CYCLES/ SCOOTERS,183,993,3087
KERALA,2001, CYCLES/ SCOOTERS,47,300,1038
MADHYA PRADESH,2001, CYCLES/ SCOOTERS,0,1063,3756
MAHARASHTRA,2001, CYCLES/ SCOOTERS,653,1968,6244
MANIPUR,2001, CYCLES/ SCOOTERS,0,5,57
MEGHALAYA,2001, CYCLES/ SCOOTERS,0,5,22
MIZORAM,2001, CYCLES/ SCOOTERS,2,11,11
NAGALAND,2001, CYCLES/ SCOOTERS,0,15,53
ODISHA,2001, CYCLES/ SCOOTERS,22,222,778
PUDUCHERRY,2001, CYCLES/ SCOOTERS,136,136,281
PUNJAB,2001, CYCLES/ SCOOTERS,123,229,609
RAJASTHAN,2001, CYCLES/ SCOOTERS,58,628,3273
SIKKIM,2001, CYCLES/ SCOOTERS,2,2,2
TAMIL NADU,2001, CYCLES/ SCOOTERS,0,2523,3858
TRIPURA,2001, CYCLES/ SCOOTERS,0,3,10
UTTAR PRADESH,2001, CYCLES/ SCOOTERS,15,727,4046
UTTARAKHAND,2001, CYCLES/ SCOOTERS,0,60,236
WEST BENGAL,2001, CYCLES/ SCOOTERS,14,461,1904
ANDHRA PRADESH,2001, CAR/TAXI/JEEP,31,124,309
ARUNACHAL PRADESH,2001, CAR/TAXI/JEEP,0,6,9
ASSAM,2001, CAR/TAXI/JEEP,0,4,15
BIHAR,2001, CAR/TAXI/JEEP,7,43,175
CHANDIGARH,2001, CAR/TAXI/JEEP,0,90,206
CHHATTISGARH,2001, CAR/TAXI/JEEP,3,47,105
DADRA & NAGAR HAVELI,2001, CAR/TAXI/JEEP,0,1,2
DELHI,2001, CAR/TAXI/JEEP,113,1151,4075
GOA,2001, CAR/TAXI/JEEP,2,16,23
GUJARAT,2001, CAR/TAXI/JEEP,36,130,460
HARYANA,2001, CAR/TAXI/JEEP,32,457,843
HIMACHAL PRADESH,2001, CAR/TAXI/JEEP,4,60,87
JAMMU & KASHMIR,2001, CAR/TAXI/JEEP,0,55,169
JHARKHAND,2001, CAR/TAXI/JEEP,3,7,16
KARNATAKA,2001, CAR/TAXI/JEEP,43,183,597
KERALA,2001, CAR/TAXI/JEEP,17,132,499
MADHYA PRADESH,2001, CAR/TAXI/JEEP,0,118,289
MAHARASHTRA,2001, CAR/TAXI/JEEP,466,595,1960
MANIPUR,2001, CAR/TAXI/JEEP,0,1,6
MEGHALAYA,2001, CAR/TAXI/JEEP,0,4,20
MIZORAM,2001, CAR/TAXI/JEEP,1,5,5
NAGALAND,2001, CAR/TAXI/JEEP,0,14,64
ODISHA,2001, CAR/TAXI/JEEP,0,15,43
PUDUCHERRY,2001, CAR/TAXI/JEEP,1,1,3
PUNJAB,2001, CAR/TAXI/JEEP,94,184,502
RAJASTHAN,2001, CAR/TAXI/JEEP,11,160,570
SIKKIM,2001, CAR/TAXI/JEEP,0,2,4
TAMIL NADU,2001, CAR/TAXI/JEEP,0,126,197
UTTAR PRADESH,2001, CAR/TAXI/JEEP,18,366,1565
UTTARAKHAND,2001, CAR/TAXI/JEEP,0,31,132
WEST BENGAL,2001, CAR/TAXI/JEEP,0,251,499
ANDHRA PRADESH,2001, BUSES,0,3,5
ARUNACHAL PRADESH,2001, BUSES,0,0,0
ASSAM,2001, BUSES,0,0,0
BIHAR,2001, BUSES,0,0,0
CHANDIGARH,2001, BUSES,0,0,0
CHHATTISGARH,2001, BUSES,0,0,0
DELHI,2001, BUSES,0,14,37
GUJARAT,2001, BUSES,1,3,3
HARYANA,2001, BUSES,0,7,12
HIMACHAL PRADESH,2001, BUSES,0,1,1
JAMMU & KASHMIR,2001, BUSES,0,1,4
JHARKHAND,2001, BUSES,1,1,2
KARNATAKA,2001, BUSES,1,4,5
KERALA,2001, BUSES,0,25,42
MADHYA PRADESH,2001, BUSES,0,0,4
MAHARASHTRA,2001, BUSES,3,7,11
MEGHALAYA,2001, BUSES,0,1,1
MIZORAM,2001, BUSES,0,0,0
NAGALAND,2001, BUSES,0,0,0
ODISHA,2001, BUSES,0,0,0
PUNJAB,2001, BUSES,1,7,23
RAJASTHAN,2001, BUSES,0,32,41
TAMIL NADU,2001, BUSES,0,7,8
UTTAR PRADESH,2001, BUSES,0,6,17
UTTARAKHAND,2001, BUSES,0,1,1
WEST BENGAL,2001, BUSES,0,0,1
ANDHRA PRADESH,2001, GOODS CARRYING VEHICLES (TRUCKS/TEMPO ETC),0,0,1
ARUNACHAL PRADESH,2001, GOODS CARRYING VEHICLES (TRUCKS/TEMPO ETC),0,0,0
ASSAM,2001, GOODS CARRYING VEHICLES (TRUCKS/TEMPO ETC),0,0,0
BIHAR,2001, GOODS CARRYING VEHICLES (TRUCKS/TEMPO ETC),0,0,7
CHANDIGARH,2001, GOODS CARRYING VEHICLES (TRUCKS/TEMPO ETC),0,3,7
CHHATTISGARH,2001, GOODS CARRYING VEHICLES (TRUCKS/TEMPO ETC),2,8,8
DELHI,2001, GOODS CARRYING VEHICLES (TRUCKS/TEMPO ETC),3,33,122
GOA,2001, GOODS CARRYING VEHICLES (TRUCKS/TEMPO ETC),0,2,3
GUJARAT,2001, GOODS CARRYING VEHICLES (TRUCKS/TEMPO ETC),16,29,53
HARYANA,2001, GOODS CARRYING VEHICLES (TRUCKS/TEMPO ETC),3,57,71
HIMACHAL PRADESH,2001, GOODS CARRYING VEHICLES (TRUCKS/TEMPO ETC),1,6,10
JAMMU & KASHMIR,2001, GOODS CARRYING VEHICLES (TRUCKS/TEMPO ETC),0,0,0
JHARKHAND,2001, GOODS CARRYING VEHICLES (TRUCKS/TEMPO ETC),1,2,8
KARNATAKA,2001, GOODS CARRYING VEHICLES (TRUCKS/TEMPO ETC),5,23,65
KERALA,2001, GOODS CARRYING VEHICLES (TRUCKS/TEMPO ETC),3,20,58
MADHYA PRADESH,2001, GOODS CARRYING VEHICLES (TRUCKS/TEMPO ETC),0,5,19
MAHARASHTRA,2001, GOODS CARRYING VEHICLES (TRUCKS/TEMPO ETC),47,123,263
MEGHALAYA,2001, GOODS CARRYING VEHICLES (TRUCKS/TEMPO ETC),0,4,8
MIZORAM,2001, GOODS CARRYING VEHICLES (TRUCKS/TEMPO ETC),0,1,1
NAGALAND,2001, GOODS CARRYING VEHICLES (TRUCKS/TEMPO ETC),0,0,0
ODISHA,2001, GOODS CARRYING VEHICLES (TRUCKS/TEMPO ETC),0,4,6
PUNJAB,2001, GOODS CARRYING VEHICLES (TRUCKS/TEMPO ETC),9,32,83
RAJASTHAN,2001, GOODS CARRYING VEHICLES (TRUCKS/TEMPO ETC),9,35,71
TAMIL NADU,2001, GOODS CARRYING VEHICLES (TRUCKS/TEMPO ETC),0,18,22
UTTAR PRADESH,2001, GOODS CARRYING VEHICLES (TRUCKS/TEMPO ETC),2,11,29
UTTARAKHAND,2001, GOODS CARRYING VEHICLES (TRUCKS/TEMPO ETC),0,3,5
WEST BENGAL,2001, GOODS CARRYING VEHICLES (TRUCKS/TEMPO ETC),0,0,2
ANDHRA PRADESH,2001, OTHER MOTOR VEHICLES,12,42,75
ARUNACHAL PRADESH,2001, OTHER MOTOR VEHICLES,0,0,0
ASSAM,2001, OTHER MOTOR VEHICLES,0,51,218
BIHAR,2001, OTHER MOTOR VEHICLES,0,2,8
CHANDIGARH,2001, OTHER MOTOR VEHICLES,0,0,0
CHHATTISGARH,2001, OTHER MOTOR VEHICLES,21,22,39
DADRA & NAGAR HAVELI,2001, OTHER MOTOR VEHICLES,0,0,1
DELHI,2001, OTHER MOTOR VEHICLES,14,164,562
GUJARAT,2001, OTHER MOTOR VEHICLES,19,83,191
HARYANA,2001, OTHER MOTOR VEHICLES,10,107,227
HIMACHAL PRADESH,2001, OTHER MOTOR VEHICLES,0,0,0
JAMMU & KASHMIR,2001, OTHER MOTOR VEHICLES,0,0,0
JHARKHAND,2001, OTHER MOTOR VEHICLES,0,0,2
KARNATAKA,2001, OTHER MOTOR VEHICLES,19,45,109
KERALA,2001, OTHER MOTOR VEHICLES,3,36,158
MADHYA PRADESH,2001, OTHER MOTOR VEHICLES,0,81,255
MAHARASHTRA,2001, OTHER MOTOR VEHICLES,31,249,409
MANIPUR,2001, OTHER MOTOR VEHICLES,0,1,8
MEGHALAYA,2001, OTHER MOTOR VEHICLES,0,3,6
MIZORAM,2001, OTHER MOTOR VEHICLES,1,1,3
NAGALAND,2001, OTHER MOTOR VEHICLES,0,1,2
ODISHA,2001, OTHER MOTOR VEHICLES,0,103,184
PUNJAB,2001, OTHER MOTOR VEHICLES,16,39,53
RAJASTHAN,2001, OTHER MOTOR VEHICLES,0,48,84
TAMIL NADU,2001, OTHER MOTOR VEHICLES,0,84,175
UTTAR PRADESH,2001, OTHER MOTOR VEHICLES,0,67,133
WEST BENGAL,2001, OTHER MOTOR VEHICLES,2,79,173
ANDAMAN & NICOBAR ISLANDS,2002, CYCLES/ SCOOTERS,1,1,2
ANDHRA PRADESH,2002, CYCLES/ SCOOTERS,12,1420,3025
ARUNACHAL PRADESH,2002, CYCLES/ SCOOTERS,0,19,49
ASSAM,2002, CYCLES/ SCOOTERS,0,115,485
BIHAR,2002, CYCLES/ SCOOTERS,13,197,996
CHANDIGARH,2002, CYCLES/ SCOOTERS,0,126,328
CHHATTISGARH,2002, CYCLES/ SCOOTERS,0,244,752
DADRA & NAGAR HAVELI,2002, CYCLES/ SCOOTERS,0,19,31
DAMAN & DIU,2002, CYCLES/ SCOOTERS,0,16,32
DELHI,2002, CYCLES/ SCOOTERS,111,665,3291
GOA,2002, CYCLES/ SCOOTERS,1,32,138
GUJARAT,2002, CYCLES/ SCOOTERS,254,1325,5318
HARYANA,2002, CYCLES/ SCOOTERS,0,881,1920
HIMACHAL PRADESH,2002, CYCLES/ SCOOTERS,4,39,63
JAMMU & KASHMIR,2002, CYCLES/ SCOOTERS,3,94,270
JHARKHAND,2002, CYCLES/ SCOOTERS,4,57,597
KARNATAKA,2002, CYCLES/ SCOOTERS,190,1020,3376
KERALA,2002, CYCLES/ SCOOTERS,35,373,1272
MADHYA PRADESH,2002, CYCLES/ SCOOTERS,66,1285,4225
MAHARASHTRA,2002, CYCLES/ SCOOTERS,172,2098,6777
MANIPUR,2002, CYCLES/ SCOOTERS,0,9,98
MEGHALAYA,2002, CYCLES/ SCOOTERS,0,6,31
MIZORAM,2002, CYCLES/ SCOOTERS,0,17,18
NAGALAND,2002, CYCLES/ SCOOTERS,0,12,89
ODISHA,2002, CYCLES/ SCOOTERS,32,307,784
PUDUCHERRY,2002, CYCLES/ SCOOTERS,0,44,249
PUNJAB,2002, CYCLES/ SCOOTERS,203,310,725
RAJASTHAN,2002, CYCLES/ SCOOTERS,30,714,3696
TAMIL NADU,2002, CYCLES/ SCOOTERS,44,2934,4319
TRIPURA,2002, CYCLES/ SCOOTERS,0,63,71
UTTAR PRADESH,2002, CYCLES/ SCOOTERS,7,934,4126
UTTARAKHAND,2002, CYCLES/ SCOOTERS,0,64,253
WEST BENGAL,2002, CYCLES/ SCOOTERS,64,423,2704
ANDHRA PRADESH,2002, CAR/TAXI/JEEP,0,117,190
ARUNACHAL PRADESH,2002, CAR/TAXI/JEEP,0,2,2
ASSAM,2002, CAR/TAXI/JEEP,0,7,22
BIHAR,2002, CAR/TAXI/JEEP,6,57,122
CHANDIGARH,2002, CAR/TAXI/JEEP,0,101,286
CHHATTISGARH,2002, CAR/TAXI/JEEP,0,45,128
DADRA & NAGAR HAVELI,2002, CAR/TAXI/JEEP,0,1,6
DAMAN & DIU,2002, CAR/TAXI/JEEP,0,3,4
DELHI,2002, CAR/TAXI/JEEP,102,880,3632
GOA,2002, CAR/TAXI/JEEP,0,5,8
GUJARAT,2002, CAR/TAXI/JEEP,29,172,565
HARYANA,2002, CAR/TAXI/JEEP,0,410,780
HIMACHAL PRADESH,2002, CAR/TAXI/JEEP,8,41,67
JAMMU & KASHMIR,2002, CAR/TAXI/JEEP,3,95,308
JHARKHAND,2002, CAR/TAXI/JEEP,0,43,104
KARNATAKA,2002, CAR/TAXI/JEEP,32,153,523
KERALA,2002, CAR/TAXI/JEEP,10,207,623
MADHYA PRADESH,2002, CAR/TAXI/JEEP,3,126,318
MAHARASHTRA,2002, CAR/TAXI/JEEP,68,497,1931
MANIPUR,2002, CAR/TAXI/JEEP,0,4,16
MEGHALAYA,2002, CAR/TAXI/JEEP,0,4,20
MIZORAM,2002, CAR/TAXI/JEEP,0,11,11
NAGALAND,2002, CAR/TAXI/JEEP,0,6,50
ODISHA,2002, CAR/TAXI/JEEP,4,19,45
PUDUCHERRY,2002, CAR/TAXI/JEEP,0,4,5
PUNJAB,2002, CAR/TAXI/JEEP,171,236,477
RAJASTHAN,2002, CAR/TAXI/JEEP,19,178,594
SIKKIM,2002, CAR/TAXI/JEEP,0,5,5
TAMIL NADU,2002, CAR/TAXI/JEEP,2,120,158
TRIPURA,2002, CAR/TAXI/JEEP,0,1,1
UTTAR PRADESH,2002, CAR/TAXI/JEEP,2,440,1385
UTTARAKHAND,2002, CAR/TAXI/JEEP,0,33,97
WEST BENGAL,2002, CAR/TAXI/JEEP,64,211,586
ANDHRA PRADESH,2002, BUSES,0,5,5
ASSAM,2002, BUSES,0,0,0
BIHAR,2002, BUSES,0,0,0
CHHATTISGARH,2002, BUSES,0,0,0
DAMAN & DIU,2002, BUSES,0,0,0
DELHI,2002, BUSES,4,10,27
GOA,2002, BUSES,0,1,1
GUJARAT,2002, BUSES,1,4,36
HARYANA,2002, BUSES,0,11,16
HIMACHAL PRADESH,2002, BUSES,0,0,0
JAMMU & KASHMIR,2002, BUSES,0,5,5
KARNATAKA,2002, BUSES,0,1,1
KERALA,2002, BUSES,2,10,19
MADHYA PRADESH,2002, BUSES,0,9,15
MAHARASHTRA,2002, BUSES,1,6,13
MEGHALAYA,2002, BUSES,0,0,0
NAGALAND,2002, BUSES,0,0,0
ODISHA,2002, BUSES,0,0,0
PUNJAB,2002, BUSES,1,5,5
RAJASTHAN,2002, BUSES,0,22,29
TAMIL NADU,2002, BUSES,0,1,2
UTTAR PRADESH,2002, BUSES,1,19,25
WEST BENGAL,2002, BUSES,0,0,8
ANDHRA PRADESH,2002, GOODS CARRYING VEHICLES (TRUCKS/TEMPO ETC),0,7,7
ASSAM,2002, GOODS CARRYING VEHICLES (TRUCKS/TEMPO ETC),0,0,0
BIHAR,2002, GOODS CARRYING VEHICLES (TRUCKS/TEMPO ETC),0,8,9
CHANDIGARH,2002, GOODS CARRYING VEHICLES (TRUCKS/TEMPO ETC),0,3,3
CHHATTISGARH,2002, GOODS CARRYING VEHICLES (TRUCKS/TEMPO ETC),0,3,3
DAMAN & DIU,2002, GOODS CARRYING VEHICLES (TRUCKS/TEMPO ETC),0,0,0
DELHI,2002, GOODS CARRYING VEHICLES (TRUCKS/TEMPO ETC),19,94,227
GOA,2002, GOODS CARRYING VEHICLES (TRUCKS/TEMPO ETC),0,3,4
GUJARAT,2002, GOODS CARRYING VEHICLES (TRUCKS/TEMPO ETC),11,17,45
HARYANA,2002, GOODS CARRYING VEHICLES (TRUCKS/TEMPO ETC),0,83,106
HIMACHAL PRADESH,2002, GOODS CARRYING VEHICLES (TRUCKS/TEMPO ETC),0,12,20
JAMMU & KASHMIR,2002, GOODS CARRYING VEHICLES (TRUCKS/TEMPO ETC),0,13,26
KARNATAKA,2002, GOODS CARRYING VEHICLES (TRUCKS/TEMPO ETC),7,23,40
KERALA,2002, GOODS CARRYING VEHICLES (TRUCKS/TEMPO ETC),2,7,18
MADHYA PRADESH,2002, GOODS CARRYING VEHICLES (TRUCKS/TEMPO ETC),0,0,0
MAHARASHTRA,2002, GOODS CARRYING VEHICLES (TRUCKS/TEMPO ETC),18,107,184
MEGHALAYA,2002, GOODS CARRYING VEHICLES (TRUCKS/TEMPO ETC),0,1,2
NAGALAND,2002, GOODS CARRYING VEHICLES (TRUCKS/TEMPO ETC),0,0,3
ODISHA,2002, GOODS CARRYING VEHICLES (TRUCKS/TEMPO ETC),0,0,0
PUNJAB,2002, GOODS CARRYING VEHICLES (TRUCKS/TEMPO ETC),41,51,80
RAJASTHAN,2002, GOODS CARRYING VEHICLES (TRUCKS/TEMPO ETC),1,38,55
TAMIL NADU,2002, GOODS CARRYING VEHICLES (TRUCKS/TEMPO ETC),0,15,20
UTTAR PRADESH,2002, GOODS CARRYING VEHICLES (TRUCKS/TEMPO ETC),0,27,44
WEST BENGAL,2002, GOODS CARRYING VEHICLES (TRUCKS/TEMPO ETC),2,4,37
ANDHRA PRADESH,2002, OTHER MOTOR VEHICLES,1,152,223
ASSAM,2002, OTHER MOTOR VEHICLES,0,48,173
BIHAR,2002, OTHER MOTOR VEHICLES,0,6,21
CHANDIGARH,2002, OTHER MOTOR VEHICLES,0,0,0
CHHATTISGARH,2002, OTHER MOTOR VEHICLES,0,29,243
DAMAN & DIU,2002, OTHER MOTOR VEHICLES,0,0,0
DELHI,2002, OTHER MOTOR VEHICLES,22,57,427
GUJARAT,2002, OTHER MOTOR VEHICLES,41,110,292
HARYANA,2002, OTHER MOTOR VEHICLES,0,118,232
HIMACHAL PRADESH,2002, OTHER MOTOR VEHICLES,0,1,2
JAMMU & KASHMIR,2002, OTHER MOTOR VEHICLES,3,22,55
JHARKHAND,2002, OTHER MOTOR VEHICLES,0,14,17
KARNATAKA,2002, OTHER MOTOR VEHICLES,38,115,341
KERALA,2002, OTHER MOTOR VEHICLES,10,14,46
MADHYA PRADESH,2002, OTHER MOTOR VEHICLES,9,103,287
MAHARASHTRA,2002, OTHER MOTOR VEHICLES,12,152,225
MANIPUR,2002, OTHER MOTOR VEHICLES,0,2,5
MEGHALAYA,2002, OTHER MOTOR VEHICLES,0,1,5
MIZORAM,2002, OTHER MOTOR VEHICLES,0,2,2
NAGALAND,2002, OTHER MOTOR VEHICLES,0,8,19
ODISHA,2002, OTHER MOTOR VEHICLES,27,32,199
PUDUCHERRY,2002, OTHER MOTOR VEHICLES,0,4,4
PUNJAB,2002, OTHER MOTOR VEHICLES,29,42,58
RAJASTHAN,2002, OTHER MOTOR VEHICLES,2,39,59
TAMIL NADU,2002, OTHER MOTOR VEHICLES,2,135,178
TRIPURA,2002, OTHER MOTOR VEHICLES,0,0,1
UTTAR PRADESH,2002, OTHER MOTOR VEHICLES,0,58,109
UTTARAKHAND,2002, OTHER MOTOR VEHICLES,0,1,2
WEST BENGAL,2002, OTHER MOTOR VEHICLES,0,43,103
ANDAMAN & NICOBAR ISLANDS,2003, CYCLES/ SCOOTERS,0,2,3
ANDHRA PRADESH,2003, CYCLES/ SCOOTERS,38,1636,3865
ARUNACHAL PRADESH,2003, CYCLES/ SCOOTERS,0,11,49
ASSAM,2003, CYCLES/ SCOOTERS,0,58,497
BIHAR,2003, CYCLES/ SCOOTERS,16,243,1183
CHANDIGARH,2003, CYCLES/ SCOOTERS,0,131,274
CHHATTISGARH,2003, CYCLES/ SCOOTERS,0,325,752
DADRA & NAGAR HAVELI,2003, CYCLES/ SCOOTERS,0,4,10
DAMAN & DIU,2003, CYCLES/ SCOOTERS,5,8,26
DELHI,2003, CYCLES/ SCOOTERS,257,586,3360
GOA,2003, CYCLES/ SCOOTERS,2,39,124
GUJARAT,2003, CYCLES/ SCOOTERS,347,1770,6131
HARYANA,2003, CYCLES/ SCOOTERS,80,929,1989
HIMACHAL PRADESH,2003, CYCLES/ SCOOTERS,1,31,78
JAMMU & KASHMIR,2003, CYCLES/ SCOOTERS,5,73,301
JHARKHAND,2003, CYCLES/ SCOOTERS,0,24,137
KARNATAKA,2003, CYCLES/ SCOOTERS,93,1040,3597
KERALA,2003, CYCLES/ SCOOTERS,1,440,1070
LAKSHADWEEP,2003, CYCLES/ SCOOTERS,1,1,1
MADHYA PRADESH,2003, CYCLES/ SCOOTERS,0,1266,4291
MAHARASHTRA,2003, CYCLES/ SCOOTERS,597,2116,7078
MANIPUR,2003, CYCLES/ SCOOTERS,0,4,107
MEGHALAYA,2003, CYCLES/ SCOOTERS,0,8,41
MIZORAM,2003, CYCLES/ SCOOTERS,0,29,31
NAGALAND,2003, CYCLES/ SCOOTERS,0,46,197
ODISHA,2003, CYCLES/ SCOOTERS,94,248,752
PUDUCHERRY,2003, CYCLES/ SCOOTERS,63,63,284
PUNJAB,2003, CYCLES/ SCOOTERS,206,327,818
RAJASTHAN,2003, CYCLES/ SCOOTERS,37,820,4482
TAMIL NADU,2003, CYCLES/ SCOOTERS,1107,3013,4317
TRIPURA,2003, CYCLES/ SCOOTERS,0,6,52
UTTAR PRADESH,2003, CYCLES/ SCOOTERS,21,920,3376
UTTARAKHAND,2003, CYCLES/ SCOOTERS,0,83,269
WEST BENGAL,2003, CYCLES/ SCOOTERS,29,374,2049
ANDAMAN & NICOBAR ISLANDS,2003, CAR/TAXI/JEEP,0,0,1
ANDHRA PRADESH,2003, CAR/TAXI/JEEP,2,127,366
ARUNACHAL PRADESH,2003, CAR/TAXI/JEEP,0,1,1
ASSAM,2003, CAR/TAXI/JEEP,0,67,210
BIHAR,2003, CAR/TAXI/JEEP,7,32,118
CHANDIGARH,2003, CAR/TAXI/JEEP,0,149,284
CHHATTISGARH,2003, CAR/TAXI/JEEP,0,45,101
DADRA & NAGAR HAVELI,2003, CAR/TAXI/JEEP,0,4,4
DAMAN & DIU,2003, CAR/TAXI/JEEP,0,1,1
DELHI,2003, CAR/TAXI/JEEP,184,625,3626
GOA,2003, CAR/TAXI/JEEP,0,2,8
GUJARAT,2003, CAR/TAXI/JEEP,52,370,661
HARYANA,2003, CAR/TAXI/JEEP,33,363,784
HIMACHAL PRADESH,2003, CAR/TAXI/JEEP,1,48,92
JAMMU & KASHMIR,2003, CAR/TAXI/JEEP,2,53,206
JHARKHAND,2003, CAR/TAXI/JEEP,0,66,191
KARNATAKA,2003, CAR/TAXI/JEEP,1,116,351
KERALA,2003, CAR/TAXI/JEEP,0,170,512
MADHYA PRADESH,2003, CAR/TAXI/JEEP,0,379,714
MAHARASHTRA,2003, CAR/TAXI/JEEP,170,446,1855
MANIPUR,2003, CAR/TAXI/JEEP,0,7,13
MEGHALAYA,2003, CAR/TAXI/JEEP,0,9,61
MIZORAM,2003, CAR/TAXI/JEEP,0,20,20
NAGALAND,2003, CAR/TAXI/JEEP,0,4,15
ODISHA,2003, CAR/TAXI/JEEP,4,22,66
PUDUCHERRY,2003, CAR/TAXI/JEEP,0,0,7
PUNJAB,2003, CAR/TAXI/JEEP,105,169,457
RAJASTHAN,2003, CAR/TAXI/JEEP,23,186,665
SIKKIM,2003, CAR/TAXI/JEEP,0,3,3
TAMIL NADU,2003, CAR/TAXI/JEEP,54,109,166
TRIPURA,2003, CAR/TAXI/JEEP,0,1,1
UTTAR PRADESH,2003, CAR/TAXI/JEEP,1,400,1162
UTTARAKHAND,2003, CAR/TAXI/JEEP,0,34,80
WEST BENGAL,2003, CAR/TAXI/JEEP,115,168,392
ANDHRA PRADESH,2003, BUSES,0,4,6
ARUNACHAL PRADESH,2003, BUSES,0,0,0
ASSAM,2003, BUSES,0,0,0
BIHAR,2003, BUSES,0,0,0
CHANDIGARH,2003, BUSES,0,0,0
CHHATTISGARH,2003, BUSES,0,0,0
DAMAN & DIU,2003, BUSES,0,0,0
DELHI,2003, BUSES,1,5,18
GUJARAT,2003, BUSES,2,4,36
HARYANA,2003, BUSES,2,20,32
HIMACHAL PRADESH,2003, BUSES,0,0,0
JAMMU & KASHMIR,2003, BUSES,0,0,0
JHARKHAND,2003, BUSES,0,0,0
KARNATAKA,2003, BUSES,0,2,4
KERALA,2003, BUSES,0,2,4
MAHARASHTRA,2003, BUSES,1,5,15
MEGHALAYA,2003, BUSES,0,0,0
NAGALAND,2003, BUSES,0,0,0
ODISHA,2003, BUSES,0,0,0
PUNJAB,2003, BUSES,1,9,17
RAJASTHAN,2003, BUSES,0,24,38
TAMIL NADU,2003, BUSES,0,2,2
UTTAR PRADESH,2003, BUSES,2,19,34
WEST BENGAL,2003, BUSES,0,0,1
ANDHRA PRADESH,2003, GOODS CARRYING VEHICLES (TRUCKS/TEMPO ETC),0,9,17
ARUNACHAL PRADESH,2003, GOODS CARRYING VEHICLES (TRUCKS/TEMPO ETC),0,0,0
ASSAM,2003, GOODS CARRYING VEHICLES (TRUCKS/TEMPO ETC),0,0,0
BIHAR,2003, GOODS CARRYING VEHICLES (TRUCKS/TEMPO ETC),0,4,7
CHANDIGARH,2003, GOODS CARRYING VEHICLES (TRUCKS/TEMPO ETC),0,4,6
CHHATTISGARH,2003, GOODS CARRYING VEHICLES (TRUCKS/TEMPO ETC),0,0,2
DAMAN & DIU,2003, GOODS CARRYING VEHICLES (TRUCKS/TEMPO ETC),0,0,0
DELHI,2003, GOODS CARRYING VEHICLES (TRUCKS/TEMPO ETC),14,25,113
GOA,2003, GOODS CARRYING VEHICLES (TRUCKS/TEMPO ETC),0,2,2
GUJARAT,2003, GOODS CARRYING VEHICLES (TRUCKS/TEMPO ETC),22,26,49
HARYANA,2003, GOODS CARRYING VEHICLES (TRUCKS/TEMPO ETC),15,107,139
HIMACHAL PRADESH,2003, GOODS CARRYING VEHICLES (TRUCKS/TEMPO ETC),0,29,43
JAMMU & KASHMIR,2003, GOODS CARRYING VEHICLES (TRUCKS/TEMPO ETC),0,0,0
JHARKHAND,2003, GOODS CARRYING VEHICLES (TRUCKS/TEMPO ETC),0,0,0
KARNATAKA,2003, GOODS CARRYING VEHICLES (TRUCKS/TEMPO ETC),3,26,47
KERALA,2003, GOODS CARRYING VEHICLES (TRUCKS/TEMPO ETC),0,5,20
MADHYA PRADESH,2003, GOODS CARRYING VEHICLES (TRUCKS/TEMPO ETC),0,8,12
MAHARASHTRA,2003, GOODS CARRYING VEHICLES (TRUCKS/TEMPO ETC),29,126,220
MEGHALAYA,2003, GOODS CARRYING VEHICLES (TRUCKS/TEMPO ETC),0,0,1
NAGALAND,2003, GOODS CARRYING VEHICLES (TRUCKS/TEMPO ETC),0,1,1
ODISHA,2003, GOODS CARRYING VEHICLES (TRUCKS/TEMPO ETC),2,4,4
PUDUCHERRY,2003, GOODS CARRYING VEHICLES (TRUCKS/TEMPO ETC),1,1,2
PUNJAB,2003, GOODS CARRYING VEHICLES (TRUCKS/TEMPO ETC),37,56,92
RAJASTHAN,2003, GOODS CARRYING VEHICLES (TRUCKS/TEMPO ETC),1,18,46
TAMIL NADU,2003, GOODS CARRYING VEHICLES (TRUCKS/TEMPO ETC),18,36,36
UTTAR PRADESH,2003, GOODS CARRYING VEHICLES (TRUCKS/TEMPO ETC),0,20,34
UTTARAKHAND,2003, GOODS CARRYING VEHICLES (TRUCKS/TEMPO ETC),0,1,2
WEST BENGAL,2003, GOODS CARRYING VEHICLES (TRUCKS/TEMPO ETC),4,7,17
ANDAMAN & NICOBAR ISLANDS,2003, OTHER MOTOR VEHICLES,0,0,1
ANDHRA PRADESH,2003, OTHER MOTOR VEHICLES,43,196,478
ARUNACHAL PRADESH,2003, OTHER MOTOR VEHICLES,0,0,0
ASSAM,2003, OTHER MOTOR VEHICLES,0,7,49
BIHAR,2003, OTHER MOTOR VEHICLES,0,14,32
CHANDIGARH,2003, OTHER MOTOR VEHICLES,0,2,2
CHHATTISGARH,2003, OTHER MOTOR VEHICLES,0,20,276
DADRA & NAGAR HAVELI,2003, OTHER MOTOR VEHICLES,0,1,1
DAMAN & DIU,2003, OTHER MOTOR VEHICLES,0,0,0
DELHI,2003, OTHER MOTOR VEHICLES,33,186,571
GUJARAT,2003, OTHER MOTOR VEHICLES,49,116,367
HARYANA,2003, OTHER MOTOR VEHICLES,9,127,349
HIMACHAL PRADESH,2003, OTHER MOTOR VEHICLES,0,2,5
JAMMU & KASHMIR,2003, OTHER MOTOR VEHICLES,2,30,69
JHARKHAND,2003, OTHER MOTOR VEHICLES,0,8,19
KARNATAKA,2003, OTHER MOTOR VEHICLES,1,145,334
KERALA,2003, OTHER MOTOR VEHICLES,0,14,62
MADHYA PRADESH,2003, OTHER MOTOR VEHICLES,0,98,191
MAHARASHTRA,2003, OTHER MOTOR VEHICLES,29,59,103
MANIPUR,2003, OTHER MOTOR VEHICLES,0,0,4
MEGHALAYA,2003, OTHER MOTOR VEHICLES,0,0,5
MIZORAM,2003, OTHER MOTOR VEHICLES,0,5,5
NAGALAND,2003, OTHER MOTOR VEHICLES,0,7,12
ODISHA,2003, OTHER MOTOR VEHICLES,3,73,254
PUDUCHERRY,2003, OTHER MOTOR VEHICLES,1,1,2
PUNJAB,2003, OTHER MOTOR VEHICLES,7,24,43
RAJASTHAN,2003, OTHER MOTOR VEHICLES,1,13,36
TAMIL NADU,2003, OTHER MOTOR VEHICLES,34,52,60
UTTAR PRADESH,2003, OTHER MOTOR VEHICLES,1,47,114
UTTARAKHAND,2003, OTHER MOTOR VEHICLES,0,4,18
WEST BENGAL,2003, OTHER MOTOR VEHICLES,0,78,122
ANDAMAN & NICOBAR ISLANDS,2004, CYCLES/ SCOOTERS,0,8,8
ANDHRA PRADESH,2004, CYCLES/ SCOOTERS,254,1705,3857
ARUNACHAL PRADESH,2004, CYCLES/ SCOOTERS,0,31,75
ASSAM,2004, CYCLES/ SCOOTERS,0,84,551
BIHAR,2004, CYCLES/ SCOOTERS,0,257,1829
CHANDIGARH,2004, CYCLES/ SCOOTERS,0,112,364
CHHATTISGARH,2004, CYCLES/ SCOOTERS,0,416,1131
DADRA & NAGAR HAVELI,2004, CYCLES/ SCOOTERS,0,8,15
DAMAN & DIU,2004, CYCLES/ SCOOTERS,0,4,10
DELHI,2004, CYCLES/ SCOOTERS,125,871,4342
GOA,2004, CYCLES/ SCOOTERS,5,38,112
GUJARAT,2004, CYCLES/ SCOOTERS,456,1798,6075
HARYANA,2004, CYCLES/ SCOOTERS,0,1013,2420
HIMACHAL PRADESH,2004, CYCLES/ SCOOTERS,6,42,82
JAMMU & KASHMIR,2004, CYCLES/ SCOOTERS,9,76,313
JHARKHAND,2004, CYCLES/ SCOOTERS,0,57,597
KARNATAKA,2004, CYCLES/ SCOOTERS,113,1146,4578
KERALA,2004, CYCLES/ SCOOTERS,0,497,1233
MADHYA PRADESH,2004, CYCLES/ SCOOTERS,160,1527,5481
MAHARASHTRA,2004, CYCLES/ SCOOTERS,323,2832,8748
MANIPUR,2004, CYCLES/ SCOOTERS,0,4,106
MEGHALAYA,2004, CYCLES/ SCOOTERS,0,9,38
MIZORAM,2004, CYCLES/ SCOOTERS,0,0,0
NAGALAND,2004, CYCLES/ SCOOTERS,0,10,24
ODISHA,2004, CYCLES/ SCOOTERS,145,344,1300
PUDUCHERRY,2004, CYCLES/ SCOOTERS,0,176,313
PUNJAB,2004, CYCLES/ SCOOTERS,165,267,629
RAJASTHAN,2004, CYCLES/ SCOOTERS,84,1263,5434
TAMIL NADU,2004, CYCLES/ SCOOTERS,2357,2561,3645
TRIPURA,2004, CYCLES/ SCOOTERS,0,12,28
UTTAR PRADESH,2004, CYCLES/ SCOOTERS,25,1315,6449
UTTARAKHAND,2004, CYCLES/ SCOOTERS,0,91,387
WEST BENGAL,2004, CYCLES/ SCOOTERS,0,358,2093
ANDHRA PRADESH,2004, CAR/TAXI/JEEP,38,182,414
ARUNACHAL PRADESH,2004, CAR/TAXI/JEEP,0,0,0
ASSAM,2004, CAR/TAXI/JEEP,0,52,249
BIHAR,2004, CAR/TAXI/JEEP,0,32,185
CHANDIGARH,2004, CAR/TAXI/JEEP,0,98,289
CHHATTISGARH,2004, CAR/TAXI/JEEP,0,22,56
DADRA & NAGAR HAVELI,2004, CAR/TAXI/JEEP,0,2,5
DAMAN & DIU,2004, CAR/TAXI/JEEP,0,1,2
DELHI,2004, CAR/TAXI/JEEP,178,647,3850
GOA,2004, CAR/TAXI/JEEP,0,4,9
GUJARAT,2004, CAR/TAXI/JEEP,46,217,596
HARYANA,2004, CAR/TAXI/JEEP,0,379,929
HIMACHAL PRADESH,2004, CAR/TAXI/JEEP,6,45,108
JAMMU & KASHMIR,2004, CAR/TAXI/JEEP,3,46,179
JHARKHAND,2004, CAR/TAXI/JEEP,0,43,104
KARNATAKA,2004, CAR/TAXI/JEEP,1,203,872
KERALA,2004, CAR/TAXI/JEEP,0,208,437
MADHYA PRADESH,2004, CAR/TAXI/JEEP,10,160,484
MAHARASHTRA,2004, CAR/TAXI/JEEP,44,564,2136
MANIPUR,2004, CAR/TAXI/JEEP,0,0,2
MEGHALAYA,2004, CAR/TAXI/JEEP,0,23,91
MIZORAM,2004, CAR/TAXI/JEEP,0,0,0
NAGALAND,2004, CAR/TAXI/JEEP,11,10,49
ODISHA,2004, CAR/TAXI/JEEP,4,13,21
PUDUCHERRY,2004, CAR/TAXI/JEEP,0,2,4
PUNJAB,2004, CAR/TAXI/JEEP,108,160,440
RAJASTHAN,2004, CAR/TAXI/JEEP,13,266,859
SIKKIM,2004, CAR/TAXI/JEEP,0,3,3
TAMIL NADU,2004, CAR/TAXI/JEEP,71,95,128
TRIPURA,2004, CAR/TAXI/JEEP,0,4,4
UTTAR PRADESH,2004, CAR/TAXI/JEEP,60,343,1793
UTTARAKHAND,2004, CAR/TAXI/JEEP,0,18,74
WEST BENGAL,2004, CAR/TAXI/JEEP,0,104,250
ANDHRA PRADESH,2004, BUSES,2,6,15
ARUNACHAL PRADESH,2004, BUSES,0,0,0
ASSAM,2004, BUSES,0,4,21
BIHAR,2004, BUSES,0,0,0
CHANDIGARH,2004, BUSES,0,1,2
CHHATTISGARH,2004, BUSES,0,0,0
DELHI,2004, BUSES,2,3,10
GUJARAT,2004, BUSES,1,24,46
HARYANA,2004, BUSES,0,2,2
HIMACHAL PRADESH,2004, BUSES,0,1,1
KARNATAKA,2004, BUSES,1,9,12
KERALA,2004, BUSES,0,4,4
MADHYA PRADESH,2004, BUSES,0,2,7
MAHARASHTRA,2004, BUSES,0,9,21
MANIPUR,2004, BUSES,0,0,0
MEGHALAYA,2004, BUSES,0,0,0
MIZORAM,2004, BUSES,0,0,0
NAGALAND,2004, BUSES,0,0,0
ODISHA,2004, BUSES,0,2,35
PUDUCHERRY,2004, BUSES,0,1,1
PUNJAB,2004, BUSES,0,1,1
RAJASTHAN,2004, BUSES,0,11,12
SIKKIM,2004, BUSES,0,0,0
TAMIL NADU,2004, BUSES,2,2,2
UTTAR PRADESH,2004, BUSES,0,14,24
UTTARAKHAND,2004, BUSES,0,1,1
WEST BENGAL,2004, BUSES,0,0,0
ANDHRA PRADESH,2004, GOODS CARRYING VEHICLES (TRUCKS/TEMPO ETC),0,3,16
ARUNACHAL PRADESH,2004, GOODS CARRYING VEHICLES (TRUCKS/TEMPO ETC),0,0,0
ASSAM,2004, GOODS CARRYING VEHICLES (TRUCKS/TEMPO ETC),0,0,2
BIHAR,2004, GOODS CARRYING VEHICLES (TRUCKS/TEMPO ETC),0,7,16
CHANDIGARH,2004, GOODS CARRYING VEHICLES (TRUCKS/TEMPO ETC),0,3,7
CHHATTISGARH,2004, GOODS CARRYING VEHICLES (TRUCKS/TEMPO ETC),0,0,0
DELHI,2004, GOODS CARRYING VEHICLES (TRUCKS/TEMPO ETC),31,152,264
GOA,2004, GOODS CARRYING VEHICLES (TRUCKS/TEMPO ETC),0,1,3
GUJARAT,2004, GOODS CARRYING VEHICLES (TRUCKS/TEMPO ETC),16,22,44
HARYANA,2004, GOODS CARRYING VEHICLES (TRUCKS/TEMPO ETC),0,180,288
HIMACHAL PRADESH,2004, GOODS CARRYING VEHICLES (TRUCKS/TEMPO ETC),0,3,11
JAMMU & KASHMIR,2004, GOODS CARRYING VEHICLES (TRUCKS/TEMPO ETC),0,1,1
KARNATAKA,2004, GOODS CARRYING VEHICLES (TRUCKS/TEMPO ETC),5,21,52
KERALA,2004, GOODS CARRYING VEHICLES (TRUCKS/TEMPO ETC),0,16,42
MADHYA PRADESH,2004, GOODS CARRYING VEHICLES (TRUCKS/TEMPO ETC),3,44,69
MAHARASHTRA,2004, GOODS CARRYING VEHICLES (TRUCKS/TEMPO ETC),30,141,250
MANIPUR,2004, GOODS CARRYING VEHICLES (TRUCKS/TEMPO ETC),0,1,1
MEGHALAYA,2004, GOODS CARRYING VEHICLES (TRUCKS/TEMPO ETC),0,3,7
MIZORAM,2004, GOODS CARRYING VEHICLES (TRUCKS/TEMPO ETC),0,0,0
NAGALAND,2004, GOODS CARRYING VEHICLES (TRUCKS/TEMPO ETC),0,1,1
ODISHA,2004, GOODS CARRYING VEHICLES (TRUCKS/TEMPO ETC),0,0,0
PUDUCHERRY,2004, GOODS CARRYING VEHICLES (TRUCKS/TEMPO ETC),0,2,2
PUNJAB,2004, GOODS CARRYING VEHICLES (TRUCKS/TEMPO ETC),11,31,59
RAJASTHAN,2004, GOODS CARRYING VEHICLES (TRUCKS/TEMPO ETC),1,30,60
TAMIL NADU,2004, GOODS CARRYING VEHICLES (TRUCKS/TEMPO ETC),25,25,29
TRIPURA,2004, GOODS CARRYING VEHICLES (TRUCKS/TEMPO ETC),0,2,4
UTTAR PRADESH,2004, GOODS CARRYING VEHICLES (TRUCKS/TEMPO ETC),0,24,60
UTTARAKHAND,2004, GOODS CARRYING VEHICLES (TRUCKS/TEMPO ETC),0,0,2
WEST BENGAL,2004, GOODS CARRYING VEHICLES (TRUCKS/TEMPO ETC),0,2,7
ANDAMAN & NICOBAR ISLANDS,2004, OTHER MOTOR VEHICLES,0,1,1
ANDHRA PRADESH,2004, OTHER MOTOR VEHICLES,25,273,439
ARUNACHAL PRADESH,2004, OTHER MOTOR VEHICLES,0,0,0
ASSAM,2004, OTHER MOTOR VEHICLES,0,26,71
BIHAR,2004, OTHER MOTOR VEHICLES,0,16,53
CHANDIGARH,2004, OTHER MOTOR VEHICLES,0,4,12
CHHATTISGARH,2004, OTHER MOTOR VEHICLES,0,64,129
DADRA & NAGAR HAVELI,2004, OTHER MOTOR VEHICLES,0,4,4
DELHI,2004, OTHER MOTOR VEHICLES,10,448,458
GOA,2004, OTHER MOTOR VEHICLES,0,1,1
GUJARAT,2004, OTHER MOTOR VEHICLES,9,90,175
HARYANA,2004, OTHER MOTOR VEHICLES,0,38,96
HIMACHAL PRADESH,2004, OTHER MOTOR VEHICLES,0,5,11
JAMMU & KASHMIR,2004, OTHER MOTOR VEHICLES,1,18,80
JHARKHAND,2004, OTHER MOTOR VEHICLES,0,14,17
KARNATAKA,2004, OTHER MOTOR VEHICLES,4,106,219
KERALA,2004, OTHER MOTOR VEHICLES,0,0,1
MADHYA PRADESH,2004, OTHER MOTOR VEHICLES,19,108,205
MAHARASHTRA,2004, OTHER MOTOR VEHICLES,25,75,152
MANIPUR,2004, OTHER MOTOR VEHICLES,0,0,0
MEGHALAYA,2004, OTHER MOTOR VEHICLES,0,3,4
MIZORAM,2004, OTHER MOTOR VEHICLES,0,0,0
NAGALAND,2004, OTHER MOTOR VEHICLES,1,4,48
ODISHA,2004, OTHER MOTOR VEHICLES,9,15,48
PUDUCHERRY,2004, OTHER MOTOR VEHICLES,0,2,2
PUNJAB,2004, OTHER MOTOR VEHICLES,8,31,59
RAJASTHAN,2004, OTHER MOTOR VEHICLES,1,13,30
SIKKIM,2004, OTHER MOTOR VEHICLES,0,2,3
TAMIL NADU,2004, OTHER MOTOR VEHICLES,176,184,201
UTTAR PRADESH,2004, OTHER MOTOR VEHICLES,0,57,126
UTTARAKHAND,2004, OTHER MOTOR VEHICLES,0,2,7
WEST BENGAL,2004, OTHER MOTOR VEHICLES,0,70,318
ANDAMAN & NICOBAR ISLANDS,2005, CYCLES/ SCOOTERS,0,5,5
ANDHRA PRADESH,2005, CYCLES/ SCOOTERS,0,2360,4659
ARUNACHAL PRADESH,2005, CYCLES/ SCOOTERS,0,32,117
ASSAM,2005, CYCLES/ SCOOTERS,11,181,551
BIHAR,2005, CYCLES/ SCOOTERS,0,197,1983
CHANDIGARH,2005, CYCLES/ SCOOTERS,0,129,368
CHHATTISGARH,2005, CYCLES/ SCOOTERS,0,522,1426
DADRA & NAGAR HAVELI,2005, CYCLES/ SCOOTERS,0,3,14
DAMAN & DIU,2005, CYCLES/ SCOOTERS,4,5,18
DELHI,2005, CYCLES/ SCOOTERS,143,997,4574
GOA,2005, CYCLES/ SCOOTERS,0,49,158
GUJARAT,2005, CYCLES/ SCOOTERS,353,1517,6199
HARYANA,2005, CYCLES/ SCOOTERS,0,1227,3696
HIMACHAL PRADESH,2005, CYCLES/ SCOOTERS,0,27,65
JAMMU & KASHMIR,2005, CYCLES/ SCOOTERS,7,52,291
JHARKHAND,2005, CYCLES/ SCOOTERS,6,108,476
KARNATAKA,2005, CYCLES/ SCOOTERS,81,1054,5073
KERALA,2005, CYCLES/ SCOOTERS,14,367,1203
MADHYA PRADESH,2005, CYCLES/ SCOOTERS,0,1740,5741
MAHARASHTRA,2005, CYCLES/ SCOOTERS,319,2479,9518
MANIPUR,2005, CYCLES/ SCOOTERS,7,7,90
MEGHALAYA,2005, CYCLES/ SCOOTERS,0,4,23
MIZORAM,2005, CYCLES/ SCOOTERS,0,0,0
NAGALAND,2005, CYCLES/ SCOOTERS,0,39,170
ODISHA,2005, CYCLES/ SCOOTERS,105,405,1525
PUDUCHERRY,2005, CYCLES/ SCOOTERS,138,138,224
PUNJAB,2005, CYCLES/ SCOOTERS,152,319,695
RAJASTHAN,2005, CYCLES/ SCOOTERS,260,1027,5425
SIKKIM,2005, CYCLES/ SCOOTERS,0,1,1
TAMIL NADU,2005, CYCLES/ SCOOTERS,2215,2353,3108
TRIPURA,2005, CYCLES/ SCOOTERS,0,6,52
UTTAR PRADESH,2005, CYCLES/ SCOOTERS,64,1292,5895
UTTARAKHAND,2005, CYCLES/ SCOOTERS,0,100,339
WEST BENGAL,2005, CYCLES/ SCOOTERS,25,398,2166
ANDHRA PRADESH,2005, CAR/TAXI/JEEP,0,126,347
ARUNACHAL PRADESH,2005, CAR/TAXI/JEEP,0,1,2
ASSAM,2005, CAR/TAXI/JEEP,3,72,247
BIHAR,2005, CAR/TAXI/JEEP,0,21,83
CHANDIGARH,2005, CAR/TAXI/JEEP,0,64,201
CHHATTISGARH,2005, CAR/TAXI/JEEP,0,47,83
DADRA & NAGAR HAVELI,2005, CAR/TAXI/JEEP,0,0,3
DAMAN & DIU,2005, CAR/TAXI/JEEP,0,0,4
DELHI,2005, CAR/TAXI/JEEP,85,784,3515
GOA,2005, CAR/TAXI/JEEP,0,9,31
GUJARAT,2005, CAR/TAXI/JEEP,34,158,629
HARYANA,2005, CAR/TAXI/JEEP,0,391,1142
HIMACHAL PRADESH,2005, CAR/TAXI/JEEP,0,40,67
JAMMU & KASHMIR,2005, CAR/TAXI/JEEP,4,33,164
JHARKHAND,2005, CAR/TAXI/JEEP,3,27,251
KARNATAKA,2005, CAR/TAXI/JEEP,8,211,606
KERALA,2005, CAR/TAXI/JEEP,0,112,482
MADHYA PRADESH,2005, CAR/TAXI/JEEP,0,225,554
MAHARASHTRA,2005, CAR/TAXI/JEEP,63,378,2129
MANIPUR,2005, CAR/TAXI/JEEP,0,0,2
MEGHALAYA,2005, CAR/TAXI/JEEP,0,14,90
MIZORAM,2005, CAR/TAXI/JEEP,0,0,0
NAGALAND,2005, CAR/TAXI/JEEP,0,15,71
ODISHA,2005, CAR/TAXI/JEEP,4,19,51
PUDUCHERRY,2005, CAR/TAXI/JEEP,3,3,9
PUNJAB,2005, CAR/TAXI/JEEP,88,147,357
RAJASTHAN,2005, CAR/TAXI/JEEP,18,247,809
SIKKIM,2005, CAR/TAXI/JEEP,0,3,4
TAMIL NADU,2005, CAR/TAXI/JEEP,54,60,93
TRIPURA,2005, CAR/TAXI/JEEP,0,0,1
UTTAR PRADESH,2005, CAR/TAXI/JEEP,12,306,1477
UTTARAKHAND,2005, CAR/TAXI/JEEP,0,20,102
WEST BENGAL,2005, CAR/TAXI/JEEP,34,56,176
ANDHRA PRADESH,2005, BUSES,0,0,0
ARUNACHAL PRADESH,2005, BUSES,0,0,0
ASSAM,2005, BUSES,0,6,1
BIHAR,2005, BUSES,0,0,0
CHANDIGARH,2005, BUSES,0,0,0
CHHATTISGARH,2005, BUSES,0,0,0
DELHI,2005, BUSES,0,4,7
GUJARAT,2005, BUSES,0,24,55
HARYANA,2005, BUSES,0,9,13
HIMACHAL PRADESH,2005, BUSES,0,1,1
JAMMU & KASHMIR,2005, BUSES,0,0,0
JHARKHAND,2005, BUSES,0,0,2
KARNATAKA,2005, BUSES,0,2,4
KERALA,2005, BUSES,0,11,24
MADHYA PRADESH,2005, BUSES,0,0,0
MAHARASHTRA,2005, BUSES,3,10,13
MANIPUR,2005, BUSES,0,0,0
MEGHALAYA,2005, BUSES,0,0,0
MIZORAM,2005, BUSES,0,0,0
NAGALAND,2005, BUSES,0,0,0
ODISHA,2005, BUSES,0,0,0
PUNJAB,2005, BUSES,0,5,4
RAJASTHAN,2005, BUSES,0,11,25
TAMIL NADU,2005, BUSES,1,1,1
UTTAR PRADESH,2005, BUSES,0,30,72
WEST BENGAL,2005, BUSES,0,0,0
ANDHRA PRADESH,2005, GOODS CARRYING VEHICLES (TRUCKS/TEMPO ETC),0,32,60
ARUNACHAL PRADESH,2005, GOODS CARRYING VEHICLES (TRUCKS/TEMPO ETC),0,0,0
ASSAM,2005, GOODS CARRYING VEHICLES (TRUCKS/TEMPO ETC),1,5,134
BIHAR,2005, GOODS CARRYING VEHICLES (TRUCKS/TEMPO ETC),0,3,6
CHANDIGARH,2005, GOODS CARRYING VEHICLES (TRUCKS/TEMPO ETC),0,3,4
CHHATTISGARH,2005, GOODS CARRYING VEHICLES (TRUCKS/TEMPO ETC),0,0,0
DADRA & NAGAR HAVELI,2005, GOODS CARRYING VEHICLES (TRUCKS/TEMPO ETC),0,5,5
DELHI,2005, GOODS CARRYING VEHICLES (TRUCKS/TEMPO ETC),10,52,251
GOA,2005, GOODS CARRYING VEHICLES (TRUCKS/TEMPO ETC),0,3,6
GUJARAT,2005, GOODS CARRYING VEHICLES (TRUCKS/TEMPO ETC),15,13,35
HARYANA,2005, GOODS CARRYING VEHICLES (TRUCKS/TEMPO ETC),0,112,192
HIMACHAL PRADESH,2005, GOODS CARRYING VEHICLES (TRUCKS/TEMPO ETC),0,13,23
JAMMU & KASHMIR,2005, GOODS CARRYING VEHICLES (TRUCKS/TEMPO ETC),0,4,6
JHARKHAND,2005, GOODS CARRYING VEHICLES (TRUCKS/TEMPO ETC),1,1,8
KARNATAKA,2005, GOODS CARRYING VEHICLES (TRUCKS/TEMPO ETC),5,26,70
KERALA,2005, GOODS CARRYING VEHICLES (TRUCKS/TEMPO ETC),2,22,73
MADHYA PRADESH,2005, GOODS CARRYING VEHICLES (TRUCKS/TEMPO ETC),0,0,0
MAHARASHTRA,2005, GOODS CARRYING VEHICLES (TRUCKS/TEMPO ETC),26,85,266
MANIPUR,2005, GOODS CARRYING VEHICLES (TRUCKS/TEMPO ETC),0,0,0
MEGHALAYA,2005, GOODS CARRYING VEHICLES (TRUCKS/TEMPO ETC),0,2,2
MIZORAM,2005, GOODS CARRYING VEHICLES (TRUCKS/TEMPO ETC),0,0,0
NAGALAND,2005, GOODS CARRYING VEHICLES (TRUCKS/TEMPO ETC),0,0,0
ODISHA,2005, GOODS CARRYING VEHICLES (TRUCKS/TEMPO ETC),0,4,7
PUNJAB,2005, GOODS CARRYING VEHICLES (TRUCKS/TEMPO ETC),8,26,75
RAJASTHAN,2005, GOODS CARRYING VEHICLES (TRUCKS/TEMPO ETC),3,50,109
TAMIL NADU,2005, GOODS CARRYING VEHICLES (TRUCKS/TEMPO ETC),21,21,24
TRIPURA,2005, GOODS CARRYING VEHICLES (TRUCKS/TEMPO ETC),0,2,2
UTTAR PRADESH,2005, GOODS CARRYING VEHICLES (TRUCKS/TEMPO ETC),1,34,65
UTTARAKHAND,2005, GOODS CARRYING VEHICLES (TRUCKS/TEMPO ETC),0,2,8
WEST BENGAL,2005, GOODS CARRYING VEHICLES (TRUCKS/TEMPO ETC),4,5,12
ANDAMAN & NICOBAR ISLANDS,2005, OTHER MOTOR VEHICLES,0,1,1
ANDHRA PRADESH,2005, OTHER MOTOR VEHICLES,0,152,399
ARUNACHAL PRADESH,2005, OTHER MOTOR VEHICLES,0,0,0
ASSAM,2005, OTHER MOTOR VEHICLES,0,3,24
BIHAR,2005, OTHER MOTOR VEHICLES,0,5,62
CHANDIGARH,2005, OTHER MOTOR VEHICLES,0,5,6
CHHATTISGARH,2005, OTHER MOTOR VEHICLES,0,73,110
DAMAN & DIU,2005, OTHER MOTOR VEHICLES,0,2,5
DELHI,2005, OTHER MOTOR VEHICLES,17,412,536
GUJARAT,2005, OTHER MOTOR VEHICLES,11,64,180
HARYANA,2005, OTHER MOTOR VEHICLES,0,112,233
HIMACHAL PRADESH,2005, OTHER MOTOR VEHICLES,0,13,16
JAMMU & KASHMIR,2005, OTHER MOTOR VEHICLES,0,20,43
JHARKHAND,2005, OTHER MOTOR VEHICLES,0,7,36
KARNATAKA,2005, OTHER MOTOR VEHICLES,0,110,224
KERALA,2005, OTHER MOTOR VEHICLES,0,50,164
MADHYA PRADESH,2005, OTHER MOTOR VEHICLES,0,131,256
MAHARASHTRA,2005, OTHER MOTOR VEHICLES,28,80,287
MANIPUR,2005, OTHER MOTOR VEHICLES,0,0,0
MEGHALAYA,2005, OTHER MOTOR VEHICLES,0,0,4
MIZORAM,2005, OTHER MOTOR VEHICLES,0,0,0
NAGALAND,2005, OTHER MOTOR VEHICLES,1,2,7
ODISHA,2005, OTHER MOTOR VEHICLES,1,8,43
PUDUCHERRY,2005, OTHER MOTOR VEHICLES,2,2,2
PUNJAB,2005, OTHER MOTOR VEHICLES,11,26,59
RAJASTHAN,2005, OTHER MOTOR VEHICLES,2,20,61
TAMIL NADU,2005, OTHER MOTOR VEHICLES,184,189,357
TRIPURA,2005, OTHER MOTOR VEHICLES,0,2,2
UTTAR PRADESH,2005, OTHER MOTOR VEHICLES,1,42,110
UTTARAKHAND,2005, OTHER MOTOR VEHICLES,0,8,72
WEST BENGAL,2005, OTHER MOTOR VEHICLES,0,11,81
ANDAMAN & NICOBAR ISLANDS,2006, CYCLES/ SCOOTERS,0,5,5
ANDHRA PRADESH,2006, CYCLES/ SCOOTERS,79,1754,4554
ARUNACHAL PRADESH,2006, CYCLES/ SCOOTERS,0,22,74
ASSAM,2006, CYCLES/ SCOOTERS,16,248,674
BIHAR,2006, CYCLES/ SCOOTERS,0,275,1700
CHANDIGARH,2006, CYCLES/ SCOOTERS,0,117,361
CHHATTISGARH,2006, CYCLES/ SCOOTERS,80,630,1910
DADRA & NAGAR HAVELI,2006, CYCLES/ SCOOTERS,0,7,12
DAMAN & DIU,2006, CYCLES/ SCOOTERS,0,3,19
DELHI,2006, CYCLES/ SCOOTERS,105,953,4627
GOA,2006, CYCLES/ SCOOTERS,7,52,170
GUJARAT,2006, CYCLES/ SCOOTERS,423,1437,6409
HARYANA,2006, CYCLES/ SCOOTERS,2,1556,4641
HIMACHAL PRADESH,2006, CYCLES/ SCOOTERS,32,38,74
JAMMU & KASHMIR,2006, CYCLES/ SCOOTERS,10,74,287
JHARKHAND,2006, CYCLES/ SCOOTERS,5,235,1118
KARNATAKA,2006, CYCLES/ SCOOTERS,82,1046,4808
KERALA,2006, CYCLES/ SCOOTERS,17,328,1200
LAKSHADWEEP,2006, CYCLES/ SCOOTERS,0,1,2
MADHYA PRADESH,2006, CYCLES/ SCOOTERS,147,1843,6771
MAHARASHTRA,2006, CYCLES/ SCOOTERS,833,3008,10104
MANIPUR,2006, CYCLES/ SCOOTERS,0,6,103
MEGHALAYA,2006, CYCLES/ SCOOTERS,0,9,56
MIZORAM,2006, CYCLES/ SCOOTERS,0,30,37
NAGALAND,2006, CYCLES/ SCOOTERS,5,34,50
ODISHA,2006, CYCLES/ SCOOTERS,174,508,1410
PUDUCHERRY,2006, CYCLES/ SCOOTERS,0,111,304
PUNJAB,2006, CYCLES/ SCOOTERS,301,352,844
RAJASTHAN,2006, CYCLES/ SCOOTERS,331,1055,5716
SIKKIM,2006, CYCLES/ SCOOTERS,0,1,1
TAMIL NADU,2006, CYCLES/ SCOOTERS,2183,2423,2784
TRIPURA,2006, CYCLES/ SCOOTERS,0,3,15
UTTAR PRADESH,2006, CYCLES/ SCOOTERS,28,1605,6571
UTTARAKHAND,2006, CYCLES/ SCOOTERS,0,92,374
WEST BENGAL,2006, CYCLES/ SCOOTERS,22,304,2303
ANDHRA PRADESH,2006, CAR/TAXI/JEEP,19,175,434
ARUNACHAL PRADESH,2006, CAR/TAXI/JEEP,0,0,0
ASSAM,2006, CAR/TAXI/JEEP,7,117,409
BIHAR,2006, CAR/TAXI/JEEP,0,21,49
CHANDIGARH,2006, CAR/TAXI/JEEP,0,50,158
CHHATTISGARH,2006, CAR/TAXI/JEEP,4,39,76
DADRA & NAGAR HAVELI,2006, CAR/TAXI/JEEP,0,1,3
DAMAN & DIU,2006, CAR/TAXI/JEEP,0,4,14
DELHI,2006, CAR/TAXI/JEEP,88,620,4066
GOA,2006, CAR/TAXI/JEEP,3,11,43
GUJARAT,2006, CAR/TAXI/JEEP,34,118,467
HARYANA,2006, CAR/TAXI/JEEP,2,443,1438
HIMACHAL PRADESH,2006, CAR/TAXI/JEEP,41,48,99
JAMMU & KASHMIR,2006, CAR/TAXI/JEEP,5,18,67
JHARKHAND,2006, CAR/TAXI/JEEP,0,10,65
KARNATAKA,2006, CAR/TAXI/JEEP,11,126,503
KERALA,2006, CAR/TAXI/JEEP,2,107,519
MADHYA PRADESH,2006, CAR/TAXI/JEEP,13,145,384
MAHARASHTRA,2006, CAR/TAXI/JEEP,312,541,2252
MANIPUR,2006, CAR/TAXI/JEEP,0,0,9
MEGHALAYA,2006, CAR/TAXI/JEEP,0,6,66
MIZORAM,2006, CAR/TAXI/JEEP,0,14,24
NAGALAND,2006, CAR/TAXI/JEEP,13,16,43
ODISHA,2006, CAR/TAXI/JEEP,15,35,96
PUDUCHERRY,2006, CAR/TAXI/JEEP,0,1,5
PUNJAB,2006, CAR/TAXI/JEEP,145,142,518
RAJASTHAN,2006, CAR/TAXI/JEEP,39,225,1035
SIKKIM,2006, CAR/TAXI/JEEP,0,5,5
TAMIL NADU,2006, CAR/TAXI/JEEP,87,93,131
TRIPURA,2006, CAR/TAXI/JEEP,0,3,12
UTTAR PRADESH,2006, CAR/TAXI/JEEP,6,390,1458
UTTARAKHAND,2006, CAR/TAXI/JEEP,0,29,101
WEST BENGAL,2006, CAR/TAXI/JEEP,14,92,298
ANDHRA PRADESH,2006, BUSES,2,14,24
ARUNACHAL PRADESH,2006, BUSES,0,0,0
ASSAM,2006, BUSES,0,4,4
BIHAR,2006, BUSES,0,0,2
CHANDIGARH,2006, BUSES,0,0,0
CHHATTISGARH,2006, BUSES,0,18,28
DELHI,2006, BUSES,0,1,5
GUJARAT,2006, BUSES,1,3,8
HARYANA,2006, BUSES,0,10,14
HIMACHAL PRADESH,2006, BUSES,3,3,3
JAMMU & KASHMIR,2006, BUSES,0,0,0
JHARKHAND,2006, BUSES,0,0,1
KARNATAKA,2006, BUSES,0,4,15
KERALA,2006, BUSES,0,6,15
MADHYA PRADESH,2006, BUSES,0,0,0
MAHARASHTRA,2006, BUSES,7,20,46
MANIPUR,2006, BUSES,0,0,0
MEGHALAYA,2006, BUSES,0,0,0
MIZORAM,2006, BUSES,0,1,1
NAGALAND,2006, BUSES,0,0,0
ODISHA,2006, BUSES,0,0,0
PUNJAB,2006, BUSES,0,2,2
RAJASTHAN,2006, BUSES,0,12,24
UTTAR PRADESH,2006, BUSES,0,36,68
WEST BENGAL,2006, BUSES,0,0,1
ANDHRA PRADESH,2006, GOODS CARRYING VEHICLES (TRUCKS/TEMPO ETC),0,17,23
ARUNACHAL PRADESH,2006, GOODS CARRYING VEHICLES (TRUCKS/TEMPO ETC),0,0,0
ASSAM,2006, GOODS CARRYING VEHICLES (TRUCKS/TEMPO ETC),3,15,108
BIHAR,2006, GOODS CARRYING VEHICLES (TRUCKS/TEMPO ETC),0,4,4
CHANDIGARH,2006, GOODS CARRYING VEHICLES (TRUCKS/TEMPO ETC),0,1,2
CHHATTISGARH,2006, GOODS CARRYING VEHICLES (TRUCKS/TEMPO ETC),0,0,0
DELHI,2006, GOODS CARRYING VEHICLES (TRUCKS/TEMPO ETC),7,10,164
GOA,2006, GOODS CARRYING VEHICLES (TRUCKS/TEMPO ETC),0,7,13
GUJARAT,2006, GOODS CARRYING VEHICLES (TRUCKS/TEMPO ETC),5,11,33
HARYANA,2006, GOODS CARRYING VEHICLES (TRUCKS/TEMPO ETC),0,138,259
HIMACHAL PRADESH,2006, GOODS CARRYING VEHICLES (TRUCKS/TEMPO ETC),3,4,8
JAMMU & KASHMIR,2006, GOODS CARRYING VEHICLES (TRUCKS/TEMPO ETC),0,8,14
JHARKHAND,2006, GOODS CARRYING VEHICLES (TRUCKS/TEMPO ETC),0,10,33
KARNATAKA,2006, GOODS CARRYING VEHICLES (TRUCKS/TEMPO ETC),2,34,62
KERALA,2006, GOODS CARRYING VEHICLES (TRUCKS/TEMPO ETC),2,52,133
MADHYA PRADESH,2006, GOODS CARRYING VEHICLES (TRUCKS/TEMPO ETC),0,0,0
MAHARASHTRA,2006, GOODS CARRYING VEHICLES (TRUCKS/TEMPO ETC),38,108,267
MANIPUR,2006, GOODS CARRYING VEHICLES (TRUCKS/TEMPO ETC),0,0,0
MEGHALAYA,2006, GOODS CARRYING VEHICLES (TRUCKS/TEMPO ETC),0,0,0
MIZORAM,2006, GOODS CARRYING VEHICLES (TRUCKS/TEMPO ETC),0,1,1
NAGALAND,2006, GOODS CARRYING VEHICLES (TRUCKS/TEMPO ETC),0,0,1
ODISHA,2006, GOODS CARRYING VEHICLES (TRUCKS/TEMPO ETC),0,3,4
PUDUCHERRY,2006, GOODS CARRYING VEHICLES (TRUCKS/TEMPO ETC),0,8,9
PUNJAB,2006, GOODS CARRYING VEHICLES (TRUCKS/TEMPO ETC),32,56,106
RAJASTHAN,2006, GOODS CARRYING VEHICLES (TRUCKS/TEMPO ETC),0,32,91
SIKKIM,2006, GOODS CARRYING VEHICLES (TRUCKS/TEMPO ETC),0,2,2
TAMIL NADU,2006, GOODS CARRYING VEHICLES (TRUCKS/TEMPO ETC),17,17,17
UTTAR PRADESH,2006, GOODS CARRYING VEHICLES (TRUCKS/TEMPO ETC),1,23,50
UTTARAKHAND,2006, GOODS CARRYING VEHICLES (TRUCKS/TEMPO ETC),0,6,12
WEST BENGAL,2006, GOODS CARRYING VEHICLES (TRUCKS/TEMPO ETC),0,14,44
ANDAMAN & NICOBAR ISLANDS,2006, OTHER MOTOR VEHICLES,0,1,1
ANDHRA PRADESH,2006, OTHER MOTOR VEHICLES,2,241,435
ARUNACHAL PRADESH,2006, OTHER MOTOR VEHICLES,0,0,0
ASSAM,2006, OTHER MOTOR VEHICLES,0,69,210
BIHAR,2006, OTHER MOTOR VEHICLES,0,12,268
CHANDIGARH,2006, OTHER MOTOR VEHICLES,0,7,8
CHHATTISGARH,2006, OTHER MOTOR VEHICLES,5,47,129
DELHI,2006, OTHER MOTOR VEHICLES,12,476,540
GOA,2006, OTHER MOTOR VEHICLES,0,0,2
GUJARAT,2006, OTHER MOTOR VEHICLES,29,78,274
HARYANA,2006, OTHER MOTOR VEHICLES,0,111,236
HIMACHAL PRADESH,2006, OTHER MOTOR VEHICLES,8,15,32
JAMMU & KASHMIR,2006, OTHER MOTOR VEHICLES,1,79,191
JHARKHAND,2006, OTHER MOTOR VEHICLES,0,7,12
KARNATAKA,2006, OTHER MOTOR VEHICLES,1,193,618
KERALA,2006, OTHER MOTOR VEHICLES,0,52,152
MADHYA PRADESH,2006, OTHER MOTOR VEHICLES,11,189,496
MAHARASHTRA,2006, OTHER MOTOR VEHICLES,29,80,145
MANIPUR,2006, OTHER MOTOR VEHICLES,0,2,7
MEGHALAYA,2006, OTHER MOTOR VEHICLES,0,5,13
MIZORAM,2006, OTHER MOTOR VEHICLES,0,3,5
NAGALAND,2006, OTHER MOTOR VEHICLES,0,25,61
ODISHA,2006, OTHER MOTOR VEHICLES,0,10,61
PUDUCHERRY,2006, OTHER MOTOR VEHICLES,0,2,2
PUNJAB,2006, OTHER MOTOR VEHICLES,28,39,75
RAJASTHAN,2006, OTHER MOTOR VEHICLES,0,36,111
TAMIL NADU,2006, OTHER MOTOR VEHICLES,69,72,77
TRIPURA,2006, OTHER MOTOR VEHICLES,0,1,1
UTTAR PRADESH,2006, OTHER MOTOR VEHICLES,0,75,202
UTTARAKHAND,2006, OTHER MOTOR VEHICLES,0,4,12
WEST BENGAL,2006, OTHER MOTOR VEHICLES,0,18,68
ANDAMAN & NICOBAR ISLANDS,2007, CYCLES/ SCOOTERS,0,7,8
ANDHRA PRADESH,2007, CYCLES/ SCOOTERS,81,2499,5616
ARUNACHAL PRADESH,2007, CYCLES/ SCOOTERS,7,59,104
ASSAM,2007, CYCLES/ SCOOTERS,21,241,545
BIHAR,2007, CYCLES/ SCOOTERS,0,260,1871
CHANDIGARH,2007, CYCLES/ SCOOTERS,0,119,474
CHHATTISGARH,2007, CYCLES/ SCOOTERS,5,618,1684
DADRA & NAGAR HAVELI,2007, CYCLES/ SCOOTERS,0,3,16
DAMAN & DIU,2007, CYCLES/ SCOOTERS,0,5,22
DELHI,2007, CYCLES/ SCOOTERS,32,774,4641
GOA,2007, CYCLES/ SCOOTERS,3,53,180
GUJARAT,2007, CYCLES/ SCOOTERS,500,1655,7252
HARYANA,2007, CYCLES/ SCOOTERS,94,1498,4746
HIMACHAL PRADESH,2007, CYCLES/ SCOOTERS,7,38,114
JAMMU & KASHMIR,2007, CYCLES/ SCOOTERS,2,65,221
JHARKHAND,2007, CYCLES/ SCOOTERS,3,172,1250
KARNATAKA,2007, CYCLES/ SCOOTERS,105,1573,4877
KERALA,2007, CYCLES/ SCOOTERS,13,413,1298
LAKSHADWEEP,2007, CYCLES/ SCOOTERS,0,2,2
MADHYA PRADESH,2007, CYCLES/ SCOOTERS,395,1910,7864
MAHARASHTRA,2007, CYCLES/ SCOOTERS,888,2961,11189
MANIPUR,2007, CYCLES/ SCOOTERS,0,6,115
MEGHALAYA,2007, CYCLES/ SCOOTERS,0,2,45
MIZORAM,2007, CYCLES/ SCOOTERS,0,29,51
NAGALAND,2007, CYCLES/ SCOOTERS,0,21,117
ODISHA,2007, CYCLES/ SCOOTERS,34,381,1525
PUDUCHERRY,2007, CYCLES/ SCOOTERS,0,172,478
PUNJAB,2007, CYCLES/ SCOOTERS,415,385,1110
RAJASTHAN,2007, CYCLES/ SCOOTERS,100,1170,6574
SIKKIM,2007, CYCLES/ SCOOTERS,3,3,3
TAMIL NADU,2007, CYCLES/ SCOOTERS,1830,2222,2545
TRIPURA,2007, CYCLES/ SCOOTERS,0,13,51
UTTAR PRADESH,2007, CYCLES/ SCOOTERS,59,1660,7579
UTTARAKHAND,2007, CYCLES/ SCOOTERS,106,106,418
WEST BENGAL,2007, CYCLES/ SCOOTERS,47,353,1954
ANDHRA PRADESH,2007, CAR/TAXI/JEEP,0,149,298
ARUNACHAL PRADESH,2007, CAR/TAXI/JEEP,3,4,12
ASSAM,2007, CAR/TAXI/JEEP,11,101,264
BIHAR,2007, CAR/TAXI/JEEP,0,22,61
CHANDIGARH,2007, CAR/TAXI/JEEP,0,96,357
CHHATTISGARH,2007, CAR/TAXI/JEEP,0,40,99
DADRA & NAGAR HAVELI,2007, CAR/TAXI/JEEP,0,0,1
DAMAN & DIU,2007, CAR/TAXI/JEEP,0,2,5
DELHI,2007, CAR/TAXI/JEEP,49,536,3613
GOA,2007, CAR/TAXI/JEEP,2,9,32
GUJARAT,2007, CAR/TAXI/JEEP,64,156,508
HARYANA,2007, CAR/TAXI/JEEP,42,411,1237
HIMACHAL PRADESH,2007, CAR/TAXI/JEEP,10,37,86
JAMMU & KASHMIR,2007, CAR/TAXI/JEEP,0,35,130
JHARKHAND,2007, CAR/TAXI/JEEP,0,77,365
KARNATAKA,2007, CAR/TAXI/JEEP,11,132,546
KERALA,2007, CAR/TAXI/JEEP,6,148,606
MADHYA PRADESH,2007, CAR/TAXI/JEEP,25,177,469
MAHARASHTRA,2007, CAR/TAXI/JEEP,217,467,2219
MANIPUR,2007, CAR/TAXI/JEEP,0,1,12
MEGHALAYA,2007, CAR/TAXI/JEEP,0,3,15
MIZORAM,2007, CAR/TAXI/JEEP,0,10,15
NAGALAND,2007, CAR/TAXI/JEEP,18,9,56
ODISHA,2007, CAR/TAXI/JEEP,3,50,99
PUDUCHERRY,2007, CAR/TAXI/JEEP,0,7,11
PUNJAB,2007, CAR/TAXI/JEEP,157,173,577
RAJASTHAN,2007, CAR/TAXI/JEEP,31,315,1130
SIKKIM,2007, CAR/TAXI/JEEP,0,5,6
TAMIL NADU,2007, CAR/TAXI/JEEP,70,74,100
TRIPURA,2007, CAR/TAXI/JEEP,0,0,2
UTTAR PRADESH,2007, CAR/TAXI/JEEP,0,348,1458
UTTARAKHAND,2007, CAR/TAXI/JEEP,28,28,119
WEST BENGAL,2007, CAR/TAXI/JEEP,9,66,328
ANDHRA PRADESH,2007, BUSES,0,2,2
ARUNACHAL PRADESH,2007, BUSES,0,0,0
ASSAM,2007, BUSES,0,6,8
BIHAR,2007, BUSES,0,0,0
CHANDIGARH,2007, BUSES,0,0,0
CHHATTISGARH,2007, BUSES,0,0,0
DELHI,2007, BUSES,0,2,10
GUJARAT,2007, BUSES,5,10,22
HARYANA,2007, BUSES,2,5,7
HIMACHAL PRADESH,2007, BUSES,2,9,17
JAMMU & KASHMIR,2007, BUSES,0,2,5
KARNATAKA,2007, BUSES,1,13,25
KERALA,2007, BUSES,0,7,10
MADHYA PRADESH,2007, BUSES,8,19,24
MAHARASHTRA,2007, BUSES,1,7,28
MANIPUR,2007, BUSES,0,0,0
MEGHALAYA,2007, BUSES,0,0,0
MIZORAM,2007, BUSES,0,0,0
NAGALAND,2007, BUSES,0,0,0
ODISHA,2007, BUSES,0,0,0
PUNJAB,2007, BUSES,2,4,5
RAJASTHAN,2007, BUSES,0,11,13
TAMIL NADU,2007, BUSES,2,3,3
UTTAR PRADESH,2007, BUSES,0,23,51
WEST BENGAL,2007, BUSES,0,2,2
ANDHRA PRADESH,2007, GOODS CARRYING VEHICLES (TRUCKS/TEMPO ETC),0,29,44
ARUNACHAL PRADESH,2007, GOODS CARRYING VEHICLES (TRUCKS/TEMPO ETC),0,0,0
ASSAM,2007, GOODS CARRYING VEHICLES (TRUCKS/TEMPO ETC),6,31,136
BIHAR,2007, GOODS CARRYING VEHICLES (TRUCKS/TEMPO ETC),0,4,5
CHANDIGARH,2007, GOODS CARRYING VEHICLES (TRUCKS/TEMPO ETC),0,5,17
CHHATTISGARH,2007, GOODS CARRYING VEHICLES (TRUCKS/TEMPO ETC),0,0,0
DADRA & NAGAR HAVELI,2007, GOODS CARRYING VEHICLES (TRUCKS/TEMPO ETC),0,1,2
DAMAN & DIU,2007, GOODS CARRYING VEHICLES (TRUCKS/TEMPO ETC),0,0,1
DELHI,2007, GOODS CARRYING VEHICLES (TRUCKS/TEMPO ETC),2,13,153
GOA,2007, GOODS CARRYING VEHICLES (TRUCKS/TEMPO ETC),0,3,8
GUJARAT,2007, GOODS CARRYING VEHICLES (TRUCKS/TEMPO ETC),8,10,33
HARYANA,2007, GOODS CARRYING VEHICLES (TRUCKS/TEMPO ETC),7,161,421
HIMACHAL PRADESH,2007, GOODS CARRYING VEHICLES (TRUCKS/TEMPO ETC),0,15,41
JAMMU & KASHMIR,2007, GOODS CARRYING VEHICLES (TRUCKS/TEMPO ETC),0,14,19
JHARKHAND,2007, GOODS CARRYING VEHICLES (TRUCKS/TEMPO ETC),0,0,0
KARNATAKA,2007, GOODS CARRYING VEHICLES (TRUCKS/TEMPO ETC),3,31,67
KERALA,2007, GOODS CARRYING VEHICLES (TRUCKS/TEMPO ETC),1,31,100
MADHYA PRADESH,2007, GOODS CARRYING VEHICLES (TRUCKS/TEMPO ETC),9,51,122
MAHARASHTRA,2007, GOODS CARRYING VEHICLES (TRUCKS/TEMPO ETC),49,124,376
MANIPUR,2007, GOODS CARRYING VEHICLES (TRUCKS/TEMPO ETC),0,0,1
MEGHALAYA,2007, GOODS CARRYING VEHICLES (TRUCKS/TEMPO ETC),0,1,12
MIZORAM,2007, GOODS CARRYING VEHICLES (TRUCKS/TEMPO ETC),0,0,0
NAGALAND,2007, GOODS CARRYING VEHICLES (TRUCKS/TEMPO ETC),0,0,0
ODISHA,2007, GOODS CARRYING VEHICLES (TRUCKS/TEMPO ETC),0,3,13
PUDUCHERRY,2007, GOODS CARRYING VEHICLES (TRUCKS/TEMPO ETC),0,4,6
PUNJAB,2007, GOODS CARRYING VEHICLES (TRUCKS/TEMPO ETC),73,65,157
RAJASTHAN,2007, GOODS CARRYING VEHICLES (TRUCKS/TEMPO ETC),2,53,106
SIKKIM,2007, GOODS CARRYING VEHICLES (TRUCKS/TEMPO ETC),0,2,2
TAMIL NADU,2007, GOODS CARRYING VEHICLES (TRUCKS/TEMPO ETC),43,56,59
TRIPURA,2007, GOODS CARRYING VEHICLES (TRUCKS/TEMPO ETC),0,1,1
UTTAR PRADESH,2007, GOODS CARRYING VEHICLES (TRUCKS/TEMPO ETC),5,54,139
UTTARAKHAND,2007, GOODS CARRYING VEHICLES (TRUCKS/TEMPO ETC),2,2,4
WEST BENGAL,2007, GOODS CARRYING VEHICLES (TRUCKS/TEMPO ETC),2,4,22
ANDHRA PRADESH,2007, OTHER MOTOR VEHICLES,11,168,349
ARUNACHAL PRADESH,2007, OTHER MOTOR VEHICLES,0,0,0
ASSAM,2007, OTHER MOTOR VEHICLES,4,218,848
BIHAR,2007, OTHER MOTOR VEHICLES,0,37,456
CHANDIGARH,2007, OTHER MOTOR VEHICLES,0,2,5
CHHATTISGARH,2007, OTHER MOTOR VEHICLES,0,58,150
DELHI,2007, OTHER MOTOR VEHICLES,4,457,457
GUJARAT,2007, OTHER MOTOR VEHICLES,22,60,204
HARYANA,2007, OTHER MOTOR VEHICLES,27,149,325
HIMACHAL PRADESH,2007, OTHER MOTOR VEHICLES,1,5,7
JAMMU & KASHMIR,2007, OTHER MOTOR VEHICLES,0,49,139
JHARKHAND,2007, OTHER MOTOR VEHICLES,0,20,123
KARNATAKA,2007, OTHER MOTOR VEHICLES,10,209,558
KERALA,2007, OTHER MOTOR VEHICLES,0,44,96
MADHYA PRADESH,2007, OTHER MOTOR VEHICLES,21,140,343
MAHARASHTRA,2007, OTHER MOTOR VEHICLES,147,36,98
MANIPUR,2007, OTHER MOTOR VEHICLES,0,2,29
MEGHALAYA,2007, OTHER MOTOR VEHICLES,0,3,21
MIZORAM,2007, OTHER MOTOR VEHICLES,0,2,4
NAGALAND,2007, OTHER MOTOR VEHICLES,0,5,60
ODISHA,2007, OTHER MOTOR VEHICLES,0,24,96
PUDUCHERRY,2007, OTHER MOTOR VEHICLES,0,3,3
PUNJAB,2007, OTHER MOTOR VEHICLES,40,96,213
RAJASTHAN,2007, OTHER MOTOR VEHICLES,10,44,110
TAMIL NADU,2007, OTHER MOTOR VEHICLES,138,149,181
TRIPURA,2007, OTHER MOTOR VEHICLES,0,1,1
UTTAR PRADESH,2007, OTHER MOTOR VEHICLES,2,93,258
UTTARAKHAND,2007, OTHER MOTOR VEHICLES,2,2,4
WEST BENGAL,2007, OTHER MOTOR VEHICLES,1,21,118
ANDAMAN & NICOBAR ISLANDS,2008, CYCLES/ SCOOTERS,0,6,10
ANDHRA PRADESH,2008, CYCLES/ SCOOTERS,0,3316,6993
ARUNACHAL PRADESH,2008, CYCLES/ SCOOTERS,7,27,43
ASSAM,2008, CYCLES/ SCOOTERS,52,134,1255
BIHAR,2008, CYCLES/ SCOOTERS,0,340,2445
CHANDIGARH,2008, CYCLES/ SCOOTERS,0,135,662
CHHATTISGARH,2008, CYCLES/ SCOOTERS,0,428,1645
DADRA & NAGAR HAVELI,2008, CYCLES/ SCOOTERS,0,3,8
DAMAN & DIU,2008, CYCLES/ SCOOTERS,0,11,24
DELHI,2008, CYCLES/ SCOOTERS,4,754,5936
GOA,2008, CYCLES/ SCOOTERS,4,67,213
GUJARAT,2008, CYCLES/ SCOOTERS,637,1972,8976
HARYANA,2008, CYCLES/ SCOOTERS,300,1618,5779
HIMACHAL PRADESH,2008, CYCLES/ SCOOTERS,23,48,153
JAMMU & KASHMIR,2008, CYCLES/ SCOOTERS,4,78,430
JHARKHAND,2008, CYCLES/ SCOOTERS,0,280,2156
KARNATAKA,2008, CYCLES/ SCOOTERS,313,1679,7552
KERALA,2008, CYCLES/ SCOOTERS,40,423,1329
LAKSHADWEEP,2008, CYCLES/ SCOOTERS,1,1,1
MADHYA PRADESH,2008, CYCLES/ SCOOTERS,0,1997,10088
MAHARASHTRA,2008, CYCLES/ SCOOTERS,693,2803,13589
MANIPUR,2008, CYCLES/ SCOOTERS,10,5,232
MEGHALAYA,2008, CYCLES/ SCOOTERS,0,7,47
MIZORAM,2008, CYCLES/ SCOOTERS,0,19,25
NAGALAND,2008, CYCLES/ SCOOTERS,0,7,121
ODISHA,2008, CYCLES/ SCOOTERS,0,582,1771
PUDUCHERRY,2008, CYCLES/ SCOOTERS,0,147,418
PUNJAB,2008, CYCLES/ SCOOTERS,426,463,1307
RAJASTHAN,2008, CYCLES/ SCOOTERS,250,1216,7837
SIKKIM,2008, CYCLES/ SCOOTERS,1,1,1
TAMIL NADU,2008, CYCLES/ SCOOTERS,2035,2672,3424
TRIPURA,2008, CYCLES/ SCOOTERS,0,15,54
UTTAR PRADESH,2008, CYCLES/ SCOOTERS,209,1702,8419
UTTARAKHAND,2008, CYCLES/ SCOOTERS,0,127,506
WEST BENGAL,2008, CYCLES/ SCOOTERS,0,356,2158
ANDHRA PRADESH,2008, CAR/TAXI/JEEP,0,165,300
ARUNACHAL PRADESH,2008, CAR/TAXI/JEEP,0,10,17
ASSAM,2008, CAR/TAXI/JEEP,7,86,508
BIHAR,2008, CAR/TAXI/JEEP,0,31,134
CHANDIGARH,2008, CAR/TAXI/JEEP,0,108,426
CHHATTISGARH,2008, CAR/TAXI/JEEP,0,145,405
DADRA & NAGAR HAVELI,2008, CAR/TAXI/JEEP,0,0,1
DAMAN & DIU,2008, CAR/TAXI/JEEP,0,3,8
DELHI,2008, CAR/TAXI/JEEP,1,486,4388
GOA,2008, CAR/TAXI/JEEP,0,6,20
GUJARAT,2008, CAR/TAXI/JEEP,55,103,593
HARYANA,2008, CAR/TAXI/JEEP,53,434,1534
HIMACHAL PRADESH,2008, CAR/TAXI/JEEP,18,39,119
JAMMU & KASHMIR,2008, CAR/TAXI/JEEP,0,30,163
JHARKHAND,2008, CAR/TAXI/JEEP,0,42,277
KARNATAKA,2008, CAR/TAXI/JEEP,34,234,813
KERALA,2008, CAR/TAXI/JEEP,13,92,452
MADHYA PRADESH,2008, CAR/TAXI/JEEP,0,157,454
MAHARASHTRA,2008, CAR/TAXI/JEEP,86,256,2459
MANIPUR,2008, CAR/TAXI/JEEP,2,4,59
MEGHALAYA,2008, CAR/TAXI/JEEP,0,13,53
MIZORAM,2008, CAR/TAXI/JEEP,0,12,15
NAGALAND,2008, CAR/TAXI/JEEP,0,7,89
ODISHA,2008, CAR/TAXI/JEEP,0,30,125
PUDUCHERRY,2008, CAR/TAXI/JEEP,0,2,13
PUNJAB,2008, CAR/TAXI/JEEP,110,208,641
RAJASTHAN,2008, CAR/TAXI/JEEP,66,232,1223
SIKKIM,2008, CAR/TAXI/JEEP,0,6,6
TAMIL NADU,2008, CAR/TAXI/JEEP,121,135,200
TRIPURA,2008, CAR/TAXI/JEEP,0,2,3
UTTAR PRADESH,2008, CAR/TAXI/JEEP,58,334,1546
UTTARAKHAND,2008, CAR/TAXI/JEEP,0,26,124
WEST BENGAL,2008, CAR/TAXI/JEEP,0,76,272
ANDAMAN & NICOBAR ISLANDS,2008, BUSES,0,1,1
ANDHRA PRADESH,2008, BUSES,0,3,3
ARUNACHAL PRADESH,2008, BUSES,0,0,0
ASSAM,2008, BUSES,0,2,4
BIHAR,2008, BUSES,0,0,2
CHANDIGARH,2008, BUSES,0,0,1
CHHATTISGARH,2008, BUSES,0,0,0
DELHI,2008, BUSES,0,1,8
GOA,2008, BUSES,0,1,1
GUJARAT,2008, BUSES,8,10,21
HARYANA,2008, BUSES,1,7,8
HIMACHAL PRADESH,2008, BUSES,0,0,0
JAMMU & KASHMIR,2008, BUSES,0,0,0
JHARKHAND,2008, BUSES,0,0,1
KARNATAKA,2008, BUSES,1,3,4
KERALA,2008, BUSES,0,3,5
MAHARASHTRA,2008, BUSES,2,3,22
MANIPUR,2008, BUSES,0,0,0
MEGHALAYA,2008, BUSES,0,0,0
MIZORAM,2008, BUSES,0,0,0
NAGALAND,2008, BUSES,0,0,0
ODISHA,2008, BUSES,0,0,0
PUNJAB,2008, BUSES,0,4,2
RAJASTHAN,2008, BUSES,4,44,97
TAMIL NADU,2008, BUSES,0,0,0
UTTAR PRADESH,2008, BUSES,0,9,17
WEST BENGAL,2008, BUSES,0,0,0
ANDHRA PRADESH,2008, GOODS CARRYING VEHICLES (TRUCKS/TEMPO ETC),0,18,21
ARUNACHAL PRADESH,2008, GOODS CARRYING VEHICLES (TRUCKS/TEMPO ETC),0,0,0
ASSAM,2008, GOODS CARRYING VEHICLES (TRUCKS/TEMPO ETC),5,7,23
BIHAR,2008, GOODS CARRYING VEHICLES (TRUCKS/TEMPO ETC),0,1,2
CHANDIGARH,2008, GOODS CARRYING VEHICLES (TRUCKS/TEMPO ETC),0,1,4
CHHATTISGARH,2008, GOODS CARRYING VEHICLES (TRUCKS/TEMPO ETC),0,0,0
DADRA & NAGAR HAVELI,2008, GOODS CARRYING VEHICLES (TRUCKS/TEMPO ETC),0,0,8
DAMAN & DIU,2008, GOODS CARRYING VEHICLES (TRUCKS/TEMPO ETC),0,0,1
DELHI,2008, GOODS CARRYING VEHICLES (TRUCKS/TEMPO ETC),0,13,181
GOA,2008, GOODS CARRYING VEHICLES (TRUCKS/TEMPO ETC),1,3,17
GUJARAT,2008, GOODS CARRYING VEHICLES (TRUCKS/TEMPO ETC),12,14,48
HARYANA,2008, GOODS CARRYING VEHICLES (TRUCKS/TEMPO ETC),16,154,331
HIMACHAL PRADESH,2008, GOODS CARRYING VEHICLES (TRUCKS/TEMPO ETC),2,9,30
JAMMU & KASHMIR,2008, GOODS CARRYING VEHICLES (TRUCKS/TEMPO ETC),0,0,1
JHARKHAND,2008, GOODS CARRYING VEHICLES (TRUCKS/TEMPO ETC),0,3,15
KARNATAKA,2008, GOODS CARRYING VEHICLES (TRUCKS/TEMPO ETC),8,26,59
KERALA,2008, GOODS CARRYING VEHICLES (TRUCKS/TEMPO ETC),0,18,58
MAHARASHTRA,2008, GOODS CARRYING VEHICLES (TRUCKS/TEMPO ETC),42,138,586
MANIPUR,2008, GOODS CARRYING VEHICLES (TRUCKS/TEMPO ETC),0,0,0
MEGHALAYA,2008, GOODS CARRYING VEHICLES (TRUCKS/TEMPO ETC),0,1,9
MIZORAM,2008, GOODS CARRYING VEHICLES (TRUCKS/TEMPO ETC),0,0,0
NAGALAND,2008, GOODS CARRYING VEHICLES (TRUCKS/TEMPO ETC),0,0,8
ODISHA,2008, GOODS CARRYING VEHICLES (TRUCKS/TEMPO ETC),0,4,12
PUDUCHERRY,2008, GOODS CARRYING VEHICLES (TRUCKS/TEMPO ETC),0,3,7
PUNJAB,2008, GOODS CARRYING VEHICLES (TRUCKS/TEMPO ETC),26,42,124
RAJASTHAN,2008, GOODS CARRYING VEHICLES (TRUCKS/TEMPO ETC),3,60,144
SIKKIM,2008, GOODS CARRYING VEHICLES (TRUCKS/TEMPO ETC),0,2,2
TAMIL NADU,2008, GOODS CARRYING VEHICLES (TRUCKS/TEMPO ETC),39,55,65
UTTAR PRADESH,2008, GOODS CARRYING VEHICLES (TRUCKS/TEMPO ETC),23,70,170
UTTARAKHAND,2008, GOODS CARRYING VEHICLES (TRUCKS/TEMPO ETC),0,2,7
WEST BENGAL,2008, GOODS CARRYING VEHICLES (TRUCKS/TEMPO ETC),0,7,12
ANDHRA PRADESH,2008, OTHER MOTOR VEHICLES,0,309,531
ARUNACHAL PRADESH,2008, OTHER MOTOR VEHICLES,0,0,0
ASSAM,2008, OTHER MOTOR VEHICLES,3,69,88
BIHAR,2008, OTHER MOTOR VEHICLES,0,19,92
CHANDIGARH,2008, OTHER MOTOR VEHICLES,0,0,1
CHHATTISGARH,2008, OTHER MOTOR VEHICLES,0,32,68
DADRA & NAGAR HAVELI,2008, OTHER MOTOR VEHICLES,0,1,2
DELHI,2008, OTHER MOTOR VEHICLES,168,86,514
GOA,2008, OTHER MOTOR VEHICLES,0,0,2
GUJARAT,2008, OTHER MOTOR VEHICLES,21,129,305
HARYANA,2008, OTHER MOTOR VEHICLES,29,88,241
HIMACHAL PRADESH,2008, OTHER MOTOR VEHICLES,2,9,27
JAMMU & KASHMIR,2008, OTHER MOTOR VEHICLES,0,35,78
JHARKHAND,2008, OTHER MOTOR VEHICLES,0,9,22
KARNATAKA,2008, OTHER MOTOR VEHICLES,1,214,774
KERALA,2008, OTHER MOTOR VEHICLES,8,73,157
MADHYA PRADESH,2008, OTHER MOTOR VEHICLES,0,173,487
MAHARASHTRA,2008, OTHER MOTOR VEHICLES,52,134,253
MANIPUR,2008, OTHER MOTOR VEHICLES,0,0,6
MEGHALAYA,2008, OTHER MOTOR VEHICLES,0,6,23
MIZORAM,2008, OTHER MOTOR VEHICLES,0,3,3
NAGALAND,2008, OTHER MOTOR VEHICLES,0,3,33
ODISHA,2008, OTHER MOTOR VEHICLES,0,33,67
PUDUCHERRY,2008, OTHER MOTOR VEHICLES,0,4,5
PUNJAB,2008, OTHER MOTOR VEHICLES,30,35,86
RAJASTHAN,2008, OTHER MOTOR VEHICLES,3,66,195
TAMIL NADU,2008, OTHER MOTOR VEHICLES,41,49,58
TRIPURA,2008, OTHER MOTOR VEHICLES,0,8,8
UTTAR PRADESH,2008, OTHER MOTOR VEHICLES,19,76,219
UTTARAKHAND,2008, OTHER MOTOR VEHICLES,0,1,8
WEST BENGAL,2008, OTHER MOTOR VEHICLES,0,25,125
ANDAMAN & NICOBAR ISLANDS,2009, CYCLES/ SCOOTERS,0,8,9
ANDHRA PRADESH,2009, CYCLES/ SCOOTERS,659,3625,7244
ARUNACHAL PRADESH,2009, CYCLES/ SCOOTERS,7,30,83
ASSAM,2009, CYCLES/ SCOOTERS,43,214,1135
BIHAR,2009, CYCLES/ SCOOTERS,118,338,3200
CHANDIGARH,2009, CYCLES/ SCOOTERS,0,199,648
CHHATTISGARH,2009, CYCLES/ SCOOTERS,0,582,1882
DADRA & NAGAR HAVELI,2009, CYCLES/ SCOOTERS,0,2,10
DAMAN & DIU,2009, CYCLES/ SCOOTERS,0,5,27
DELHI,2009, CYCLES/ SCOOTERS,438,1164,7843
GOA,2009, CYCLES/ SCOOTERS,5,71,310
GUJARAT,2009, CYCLES/ SCOOTERS,918,2445,9821
HARYANA,2009, CYCLES/ SCOOTERS,307,1727,6070
HIMACHAL PRADESH,2009, CYCLES/ SCOOTERS,12,56,129
JAMMU & KASHMIR,2009, CYCLES/ SCOOTERS,0,73,362
JHARKHAND,2009, CYCLES/ SCOOTERS,0,477,2168
KARNATAKA,2009, CYCLES/ SCOOTERS,227,2263,9724
KERALA,2009, CYCLES/ SCOOTERS,24,550,1498
LAKSHADWEEP,2009, CYCLES/ SCOOTERS,0,1,1
MADHYA PRADESH,2009, CYCLES/ SCOOTERS,0,2027,9826
MAHARASHTRA,2009, CYCLES/ SCOOTERS,1083,3731,14723
MANIPUR,2009, CYCLES/ SCOOTERS,5,5,253
MEGHALAYA,2009, CYCLES/ SCOOTERS,3,7,99
MIZORAM,2009, CYCLES/ SCOOTERS,26,26,33
NAGALAND,2009, CYCLES/ SCOOTERS,0,9,83
ODISHA,2009, CYCLES/ SCOOTERS,108,571,2081
PUDUCHERRY,2009, CYCLES/ SCOOTERS,77,243,487
PUNJAB,2009, CYCLES/ SCOOTERS,215,764,1746
RAJASTHAN,2009, CYCLES/ SCOOTERS,374,1507,9787
SIKKIM,2009, CYCLES/ SCOOTERS,0,0,1
TAMIL NADU,2009, CYCLES/ SCOOTERS,2800,3571,4865
TRIPURA,2009, CYCLES/ SCOOTERS,0,24,63
UTTAR PRADESH,2009, CYCLES/ SCOOTERS,212,1718,11181
UTTARAKHAND,2009, CYCLES/ SCOOTERS,0,193,556
WEST BENGAL,2009, CYCLES/ SCOOTERS,265,477,3034
ANDAMAN & NICOBAR ISLANDS,2009, CAR/TAXI/JEEP,0,1,1
ANDHRA PRADESH,2009, CAR/TAXI/JEEP,49,253,436
ARUNACHAL PRADESH,2009, CAR/TAXI/JEEP,2,4,26
ASSAM,2009, CAR/TAXI/JEEP,5,97,443
BIHAR,2009, CAR/TAXI/JEEP,14,41,262
CHANDIGARH,2009, CAR/TAXI/JEEP,0,75,466
CHHATTISGARH,2009, CAR/TAXI/JEEP,0,76,236
DADRA & NAGAR HAVELI,2009, CAR/TAXI/JEEP,0,3,10
DAMAN & DIU,2009, CAR/TAXI/JEEP,0,0,4
DELHI,2009, CAR/TAXI/JEEP,289,580,4757
GOA,2009, CAR/TAXI/JEEP,1,4,19
GUJARAT,2009, CAR/TAXI/JEEP,49,155,763
HARYANA,2009, CAR/TAXI/JEEP,40,433,1587
HIMACHAL PRADESH,2009, CAR/TAXI/JEEP,4,62,166
JAMMU & KASHMIR,2009, CAR/TAXI/JEEP,2,122,433
JHARKHAND,2009, CAR/TAXI/JEEP,0,74,295
KARNATAKA,2009, CAR/TAXI/JEEP,58,252,959
KERALA,2009, CAR/TAXI/JEEP,4,109,307
LAKSHADWEEP,2009, CAR/TAXI/JEEP,0,4,4
MADHYA PRADESH,2009, CAR/TAXI/JEEP,0,234,675
MAHARASHTRA,2009, CAR/TAXI/JEEP,251,509,2523
MANIPUR,2009, CAR/TAXI/JEEP,1,1,51
MEGHALAYA,2009, CAR/TAXI/JEEP,0,12,59
MIZORAM,2009, CAR/TAXI/JEEP,6,6,8
NAGALAND,2009, CAR/TAXI/JEEP,0,21,103
ODISHA,2009, CAR/TAXI/JEEP,7,74,358
PUDUCHERRY,2009, CAR/TAXI/JEEP,0,3,9
PUNJAB,2009, CAR/TAXI/JEEP,41,248,870
RAJASTHAN,2009, CAR/TAXI/JEEP,158,321,1654
SIKKIM,2009, CAR/TAXI/JEEP,0,4,7
TAMIL NADU,2009, CAR/TAXI/JEEP,104,140,194
TRIPURA,2009, CAR/TAXI/JEEP,0,1,4
UTTAR PRADESH,2009, CAR/TAXI/JEEP,41,320,2718
UTTARAKHAND,2009, CAR/TAXI/JEEP,0,26,106
WEST BENGAL,2009, CAR/TAXI/JEEP,64,86,401
ANDHRA PRADESH,2009, BUSES,0,1,1
ARUNACHAL PRADESH,2009, BUSES,0,0,0
ASSAM,2009, BUSES,0,3,3
BIHAR,2009, BUSES,0,0,1
CHANDIGARH,2009, BUSES,0,0,1
CHHATTISGARH,2009, BUSES,0,0,0
DELHI,2009, BUSES,1,0,13
GOA,2009, BUSES,1,0,1
GUJARAT,2009, BUSES,3,6,11
HARYANA,2009, BUSES,1,6,6
HIMACHAL PRADESH,2009, BUSES,0,0,0
JAMMU & KASHMIR,2009, BUSES,0,0,0
JHARKHAND,2009, BUSES,0,0,1
KARNATAKA,2009, BUSES,1,0,5
KERALA,2009, BUSES,0,3,3
MADHYA PRADESH,2009, BUSES,0,0,0
MAHARASHTRA,2009, BUSES,2,6,10
MANIPUR,2009, BUSES,0,0,0
MEGHALAYA,2009, BUSES,0,0,0
ODISHA,2009, BUSES,0,0,0
PUNJAB,2009, BUSES,0,1,1
RAJASTHAN,2009, BUSES,0,4,5
TAMIL NADU,2009, BUSES,4,4,4
TRIPURA,2009, BUSES,0,1,1
UTTAR PRADESH,2009, BUSES,0,6,20
WEST BENGAL,2009, BUSES,0,1,1
ANDHRA PRADESH,2009, GOODS CARRYING VEHICLES (TRUCKS/TEMPO ETC),5,66,94
ARUNACHAL PRADESH,2009, GOODS CARRYING VEHICLES (TRUCKS/TEMPO ETC),0,0,0
ASSAM,2009, GOODS CARRYING VEHICLES (TRUCKS/TEMPO ETC),4,11,22
BIHAR,2009, GOODS CARRYING VEHICLES (TRUCKS/TEMPO ETC),1,11,38
CHANDIGARH,2009, GOODS CARRYING VEHICLES (TRUCKS/TEMPO ETC),0,0,1
CHHATTISGARH,2009, GOODS CARRYING VEHICLES (TRUCKS/TEMPO ETC),0,0,0
DELHI,2009, GOODS CARRYING VEHICLES (TRUCKS/TEMPO ETC),7,24,173
GOA,2009, GOODS CARRYING VEHICLES (TRUCKS/TEMPO ETC),1,9,15
GUJARAT,2009, GOODS CARRYING VEHICLES (TRUCKS/TEMPO ETC),11,19,93
HARYANA,2009, GOODS CARRYING VEHICLES (TRUCKS/TEMPO ETC),21,107,276
HIMACHAL PRADESH,2009, GOODS CARRYING VEHICLES (TRUCKS/TEMPO ETC),1,6,21
JAMMU & KASHMIR,2009, GOODS CARRYING VEHICLES (TRUCKS/TEMPO ETC),1,20,41
JHARKHAND,2009, GOODS CARRYING VEHICLES (TRUCKS/TEMPO ETC),0,6,32
KARNATAKA,2009, GOODS CARRYING VEHICLES (TRUCKS/TEMPO ETC),6,44,115
KERALA,2009, GOODS CARRYING VEHICLES (TRUCKS/TEMPO ETC),0,29,84
MADHYA PRADESH,2009, GOODS CARRYING VEHICLES (TRUCKS/TEMPO ETC),0,0,0
MAHARASHTRA,2009, GOODS CARRYING VEHICLES (TRUCKS/TEMPO ETC),43,190,730
MANIPUR,2009, GOODS CARRYING VEHICLES (TRUCKS/TEMPO ETC),0,0,0
MEGHALAYA,2009, GOODS CARRYING VEHICLES (TRUCKS/TEMPO ETC),0,3,7
NAGALAND,2009, GOODS CARRYING VEHICLES (TRUCKS/TEMPO ETC),0,2,13
ODISHA,2009, GOODS CARRYING VEHICLES (TRUCKS/TEMPO ETC),5,11,21
PUDUCHERRY,2009, GOODS CARRYING VEHICLES (TRUCKS/TEMPO ETC),0,2,3
PUNJAB,2009, GOODS CARRYING VEHICLES (TRUCKS/TEMPO ETC),1,49,128
RAJASTHAN,2009, GOODS CARRYING VEHICLES (TRUCKS/TEMPO ETC),0,60,184
SIKKIM,2009, GOODS CARRYING VEHICLES (TRUCKS/TEMPO ETC),0,1,2
TAMIL NADU,2009, GOODS CARRYING VEHICLES (TRUCKS/TEMPO ETC),20,49,55
TRIPURA,2009, GOODS CARRYING VEHICLES (TRUCKS/TEMPO ETC),0,3,3
UTTAR PRADESH,2009, GOODS CARRYING VEHICLES (TRUCKS/TEMPO ETC),11,52,168
UTTARAKHAND,2009, GOODS CARRYING VEHICLES (TRUCKS/TEMPO ETC),0,7,29
WEST BENGAL,2009, GOODS CARRYING VEHICLES (TRUCKS/TEMPO ETC),2,6,38
ANDHRA PRADESH,2009, OTHER MOTOR VEHICLES,0,332,482
ARUNACHAL PRADESH,2009, OTHER MOTOR VEHICLES,0,0,0
ASSAM,2009, OTHER MOTOR VEHICLES,3,2,106
BIHAR,2009, OTHER MOTOR VEHICLES,12,24,173
CHANDIGARH,2009, OTHER MOTOR VEHICLES,0,1,1
CHHATTISGARH,2009, OTHER MOTOR VEHICLES,0,31,70
DADRA & NAGAR HAVELI,2009, OTHER MOTOR VEHICLES,0,0,3
DELHI,2009, OTHER MOTOR VEHICLES,3,118,465
GOA,2009, OTHER MOTOR VEHICLES,0,0,1
GUJARAT,2009, OTHER MOTOR VEHICLES,23,128,457
HARYANA,2009, OTHER MOTOR VEHICLES,36,152,431
HIMACHAL PRADESH,2009, OTHER MOTOR VEHICLES,2,6,15
JAMMU & KASHMIR,2009, OTHER MOTOR VEHICLES,0,22,45
JHARKHAND,2009, OTHER MOTOR VEHICLES,0,0,0
KARNATAKA,2009, OTHER MOTOR VEHICLES,59,87,217
KERALA,2009, OTHER MOTOR VEHICLES,2,51,136
MADHYA PRADESH,2009, OTHER MOTOR VEHICLES,0,192,454
MAHARASHTRA,2009, OTHER MOTOR VEHICLES,94,179,250
MANIPUR,2009, OTHER MOTOR VEHICLES,1,1,16
MEGHALAYA,2009, OTHER MOTOR VEHICLES,1,5,15
MIZORAM,2009, OTHER MOTOR VEHICLES,27,27,36
NAGALAND,2009, OTHER MOTOR VEHICLES,0,4,17
ODISHA,2009, OTHER MOTOR VEHICLES,1,20,61
PUDUCHERRY,2009, OTHER MOTOR VEHICLES,1,2,3
PUNJAB,2009, OTHER MOTOR VEHICLES,6,39,97
RAJASTHAN,2009, OTHER MOTOR VEHICLES,2,50,153
TAMIL NADU,2009, OTHER MOTOR VEHICLES,57,62,80
TRIPURA,2009, OTHER MOTOR VEHICLES,0,0,0
UTTAR PRADESH,2009, OTHER MOTOR VEHICLES,25,93,291
UTTARAKHAND,2009, OTHER MOTOR VEHICLES,0,3,11
WEST BENGAL,2009, OTHER MOTOR VEHICLES,25,31,144
ANDAMAN & NICOBAR ISLANDS,2010, CYCLES/ SCOOTERS,0,12,21
ANDHRA PRADESH,2010, CYCLES/ SCOOTERS,648,4298,6116
ARUNACHAL PRADESH,2010, CYCLES/ SCOOTERS,3,44,133
ASSAM,2010, CYCLES/ SCOOTERS,26,126,458
BIHAR,2010, CYCLES/ SCOOTERS,5,324,3575
CHANDIGARH,2010, CYCLES/ SCOOTERS,0,178,536
CHHATTISGARH,2010, CYCLES/ SCOOTERS,0,508,1848
DADRA & NAGAR HAVELI,2010, CYCLES/ SCOOTERS,0,8,23
DAMAN & DIU,2010, CYCLES/ SCOOTERS,0,9,25
DELHI,2010, CYCLES/ SCOOTERS,58,1225,9085
GOA,2010, CYCLES/ SCOOTERS,7,125,337
GUJARAT,2010, CYCLES/ SCOOTERS,724,2122,8403
HARYANA,2010, CYCLES/ SCOOTERS,513,2248,8687
HIMACHAL PRADESH,2010, CYCLES/ SCOOTERS,0,48,137
JAMMU & KASHMIR,2010, CYCLES/ SCOOTERS,5,94,510
JHARKHAND,2010, CYCLES/ SCOOTERS,27,373,2268
KARNATAKA,2010, CYCLES/ SCOOTERS,263,2732,9001
KERALA,2010, CYCLES/ SCOOTERS,2,495,1142
MADHYA PRADESH,2010, CYCLES/ SCOOTERS,196,2339,10870
MAHARASHTRA,2010, CYCLES/ SCOOTERS,932,3791,15126
MANIPUR,2010, CYCLES/ SCOOTERS,12,12,236
MEGHALAYA,2010, CYCLES/ SCOOTERS,0,21,99
MIZORAM,2010, CYCLES/ SCOOTERS,30,30,38
NAGALAND,2010, CYCLES/ SCOOTERS,0,12,140
ODISHA,2010, CYCLES/ SCOOTERS,4,673,2250
PUDUCHERRY,2010, CYCLES/ SCOOTERS,156,156,371
PUNJAB,2010, CYCLES/ SCOOTERS,390,812,1572
RAJASTHAN,2010, CYCLES/ SCOOTERS,791,1715,11199
SIKKIM,2010, CYCLES/ SCOOTERS,0,4,6
TAMIL NADU,2010, CYCLES/ SCOOTERS,2368,3234,4791
TRIPURA,2010, CYCLES/ SCOOTERS,0,21,43
UTTAR PRADESH,2010, CYCLES/ SCOOTERS,394,1921,13168
UTTARAKHAND,2010, CYCLES/ SCOOTERS,0,203,727
WEST BENGAL,2010, CYCLES/ SCOOTERS,41,491,3539
ANDHRA PRADESH,2010, CAR/TAXI/JEEP,203,530,602
ARUNACHAL PRADESH,2010, CAR/TAXI/JEEP,0,2,5
ASSAM,2010, CAR/TAXI/JEEP,7,32,103
BIHAR,2010, CAR/TAXI/JEEP,0,45,360
CHANDIGARH,2010, CAR/TAXI/JEEP,0,75,355
CHHATTISGARH,2010, CAR/TAXI/JEEP,0,52,152
DADRA & NAGAR HAVELI,2010, CAR/TAXI/JEEP,0,1,6
DAMAN & DIU,2010, CAR/TAXI/JEEP,0,1,2
DELHI,2010, CAR/TAXI/JEEP,24,594,5281
GOA,2010, CAR/TAXI/JEEP,3,9,20
GUJARAT,2010, CAR/TAXI/JEEP,58,170,843
HARYANA,2010, CAR/TAXI/JEEP,61,499,1918
HIMACHAL PRADESH,2010, CAR/TAXI/JEEP,0,61,161
JAMMU & KASHMIR,2010, CAR/TAXI/JEEP,5,93,334
JHARKHAND,2010, CAR/TAXI/JEEP,3,54,368
KARNATAKA,2010, CAR/TAXI/JEEP,45,442,1087
KERALA,2010, CAR/TAXI/JEEP,1,56,180
MADHYA PRADESH,2010, CAR/TAXI/JEEP,46,299,780
MAHARASHTRA,2010, CAR/TAXI/JEEP,238,571,2612
MANIPUR,2010, CAR/TAXI/JEEP,4,4,47
MEGHALAYA,2010, CAR/TAXI/JEEP,0,19,43
MIZORAM,2010, CAR/TAXI/JEEP,13,13,18
NAGALAND,2010, CAR/TAXI/JEEP,2,12,81
ODISHA,2010, CAR/TAXI/JEEP,0,82,181
PUDUCHERRY,2010, CAR/TAXI/JEEP,4,4,12
PUNJAB,2010, CAR/TAXI/JEEP,92,315,943
RAJASTHAN,2010, CAR/TAXI/JEEP,189,256,1491
SIKKIM,2010, CAR/TAXI/JEEP,0,2,2
TAMIL NADU,2010, CAR/TAXI/JEEP,119,185,265
TRIPURA,2010, CAR/TAXI/JEEP,0,2,2
UTTAR PRADESH,2010, CAR/TAXI/JEEP,65,374,3046
UTTARAKHAND,2010, CAR/TAXI/JEEP,0,26,96
WEST BENGAL,2010, CAR/TAXI/JEEP,4,89,401
ANDHRA PRADESH,2010, BUSES,6,49,65
ARUNACHAL PRADESH,2010, BUSES,0,0,0
ASSAM,2010, BUSES,0,2,2
CHANDIGARH,2010, BUSES,0,0,0
CHHATTISGARH,2010, BUSES,0,0,0
DELHI,2010, BUSES,0,1,6
GUJARAT,2010, BUSES,0,0,1
HARYANA,2010, BUSES,1,3,9
HIMACHAL PRADESH,2010, BUSES,0,0,0
JAMMU & KASHMIR,2010, BUSES,0,4,5
JHARKHAND,2010, BUSES,0,0,0
KARNATAKA,2010, BUSES,0,1,1
KERALA,2010, BUSES,0,0,0
MAHARASHTRA,2010, BUSES,3,6,11
MANIPUR,2010, BUSES,0,0,0
MEGHALAYA,2010, BUSES,0,0,0
MIZORAM,2010, BUSES,0,0,0
NAGALAND,2010, BUSES,0,0,0
ODISHA,2010, BUSES,0,1,0
PUNJAB,2010, BUSES,1,6,8
RAJASTHAN,2010, BUSES,1,9,26
TAMIL NADU,2010, BUSES,1,1,1
UTTAR PRADESH,2010, BUSES,0,5,10
UTTARAKHAND,2010, BUSES,0,1,1
WEST BENGAL,2010, BUSES,0,1,1
ANDHRA PRADESH,2010, GOODS CARRYING VEHICLES (TRUCKS/TEMPO ETC),1,14,15
ARUNACHAL PRADESH,2010, GOODS CARRYING VEHICLES (TRUCKS/TEMPO ETC),0,0,0
ASSAM,2010, GOODS CARRYING VEHICLES (TRUCKS/TEMPO ETC),3,3,11
BIHAR,2010, GOODS CARRYING VEHICLES (TRUCKS/TEMPO ETC),0,11,27
CHANDIGARH,2010, GOODS CARRYING VEHICLES (TRUCKS/TEMPO ETC),0,3,7
CHHATTISGARH,2010, GOODS CARRYING VEHICLES (TRUCKS/TEMPO ETC),0,0,0
DADRA & NAGAR HAVELI,2010, GOODS CARRYING VEHICLES (TRUCKS/TEMPO ETC),0,1,5
DAMAN & DIU,2010, GOODS CARRYING VEHICLES (TRUCKS/TEMPO ETC),0,1,1
DELHI,2010, GOODS CARRYING VEHICLES (TRUCKS/TEMPO ETC),1,40,201
GOA,2010, GOODS CARRYING VEHICLES (TRUCKS/TEMPO ETC),0,7,14
GUJARAT,2010, GOODS CARRYING VEHICLES (TRUCKS/TEMPO ETC),22,28,121
HARYANA,2010, GOODS CARRYING VEHICLES (TRUCKS/TEMPO ETC),33,144,349
HIMACHAL PRADESH,2010, GOODS CARRYING VEHICLES (TRUCKS/TEMPO ETC),0,0,0
JAMMU & KASHMIR,2010, GOODS CARRYING VEHICLES (TRUCKS/TEMPO ETC),0,22,45
JHARKHAND,2010, GOODS CARRYING VEHICLES (TRUCKS/TEMPO ETC),0,0,0
KARNATAKA,2010, GOODS CARRYING VEHICLES (TRUCKS/TEMPO ETC),3,22,47
KERALA,2010, GOODS CARRYING VEHICLES (TRUCKS/TEMPO ETC),1,23,62
MAHARASHTRA,2010, GOODS CARRYING VEHICLES (TRUCKS/TEMPO ETC),42,160,595
MANIPUR,2010, GOODS CARRYING VEHICLES (TRUCKS/TEMPO ETC),0,0,0
MEGHALAYA,2010, GOODS CARRYING VEHICLES (TRUCKS/TEMPO ETC),0,1,2
MIZORAM,2010, GOODS CARRYING VEHICLES (TRUCKS/TEMPO ETC),0,0,0
NAGALAND,2010, GOODS CARRYING VEHICLES (TRUCKS/TEMPO ETC),0,4,5
ODISHA,2010, GOODS CARRYING VEHICLES (TRUCKS/TEMPO ETC),0,8,48
PUNJAB,2010, GOODS CARRYING VEHICLES (TRUCKS/TEMPO ETC),20,49,103
RAJASTHAN,2010, GOODS CARRYING VEHICLES (TRUCKS/TEMPO ETC),19,71,224
TAMIL NADU,2010, GOODS CARRYING VEHICLES (TRUCKS/TEMPO ETC),21,29,34
TRIPURA,2010, GOODS CARRYING VEHICLES (TRUCKS/TEMPO ETC),0,1,2
UTTAR PRADESH,2010, GOODS CARRYING VEHICLES (TRUCKS/TEMPO ETC),17,50,161
UTTARAKHAND,2010, GOODS CARRYING VEHICLES (TRUCKS/TEMPO ETC),0,10,17
WEST BENGAL,2010, GOODS CARRYING VEHICLES (TRUCKS/TEMPO ETC),1,12,56
ANDAMAN & NICOBAR ISLANDS,2010, OTHER MOTOR VEHICLES,0,0,1
ANDHRA PRADESH,2010, OTHER MOTOR VEHICLES,34,562,624
ARUNACHAL PRADESH,2010, OTHER MOTOR VEHICLES,0,0,1
ASSAM,2010, OTHER MOTOR VEHICLES,5,3,26
BIHAR,2010, OTHER MOTOR VEHICLES,0,20,309
CHANDIGARH,2010, OTHER MOTOR VEHICLES,0,0,0
CHHATTISGARH,2010, OTHER MOTOR VEHICLES,0,43,139
DELHI,2010, OTHER MOTOR VEHICLES,2,64,458
GOA,2010, OTHER MOTOR VEHICLES,0,1,1
GUJARAT,2010, OTHER MOTOR VEHICLES,11,123,461
HARYANA,2010, OTHER MOTOR VEHICLES,45,160,435
HIMACHAL PRADESH,2010, OTHER MOTOR VEHICLES,0,17,36
JAMMU & KASHMIR,2010, OTHER MOTOR VEHICLES,4,27,74
JHARKHAND,2010, OTHER MOTOR VEHICLES,0,13,48
KARNATAKA,2010, OTHER MOTOR VEHICLES,6,177,503
KERALA,2010, OTHER MOTOR VEHICLES,0,52,94
MADHYA PRADESH,2010, OTHER MOTOR VEHICLES,17,139,410
MAHARASHTRA,2010, OTHER MOTOR VEHICLES,51,113,261
MANIPUR,2010, OTHER MOTOR VEHICLES,2,2,3
MEGHALAYA,2010, OTHER MOTOR VEHICLES,0,1,8
MIZORAM,2010, OTHER MOTOR VEHICLES,9,9,13
NAGALAND,2010, OTHER MOTOR VEHICLES,0,6,51
ODISHA,2010, OTHER MOTOR VEHICLES,0,45,148
PUDUCHERRY,2010, OTHER MOTOR VEHICLES,1,1,1
PUNJAB,2010, OTHER MOTOR VEHICLES,26,88,87
RAJASTHAN,2010, OTHER MOTOR VEHICLES,37,128,169
TAMIL NADU,2010, OTHER MOTOR VEHICLES,54,92,114
TRIPURA,2010, OTHER MOTOR VEHICLES,0,2,3
UTTAR PRADESH,2010, OTHER MOTOR VEHICLES,29,84,320
UTTARAKHAND,2010, OTHER MOTOR VEHICLES,0,4,12
WEST BENGAL,2010, OTHER MOTOR VEHICLES,1,48,308
ANDAMAN & NICOBAR ISLANDS,2011, CYCLES/ SCOOTERS,0,7,8
ANDHRA PRADESH,2011, CYCLES/ SCOOTERS,81,2499,5616
ARUNACHAL PRADESH,2011, CYCLES/ SCOOTERS,7,59,104
ASSAM,2011, CYCLES/ SCOOTERS,21,241,545
BIHAR,2011, CYCLES/ SCOOTERS,0,260,1871
CHANDIGARH,2011, CYCLES/ SCOOTERS,0,119,474
CHHATTISGARH,2011, CYCLES/ SCOOTERS,5,618,1684
DADRA & NAGAR HAVELI,2011, CYCLES/ SCOOTERS,0,3,16
DAMAN & DIU,2011, CYCLES/ SCOOTERS,0,5,22
DELHI,2011, CYCLES/ SCOOTERS,32,774,4641
GOA,2011, CYCLES/ SCOOTERS,3,53,180
GUJARAT,2011, CYCLES/ SCOOTERS,500,1655,7252
HARYANA,2011, CYCLES/ SCOOTERS,94,1498,4746
HIMACHAL PRADESH,2011, CYCLES/ SCOOTERS,7,38,114
JAMMU & KASHMIR,2011, CYCLES/ SCOOTERS,2,65,221
JHARKHAND,2011, CYCLES/ SCOOTERS,3,172,1250
KARNATAKA,2011, CYCLES/ SCOOTERS,105,1573,4877
KERALA,2011, CYCLES/ SCOOTERS,13,413,1298
LAKSHADWEEP,2011, CYCLES/ SCOOTERS,0,2,2
MADHYA PRADESH,2011, CYCLES/ SCOOTERS,395,1910,7864
MAHARASHTRA,2011, CYCLES/ SCOOTERS,888,2961,11189
MANIPUR,2011, CYCLES/ SCOOTERS,0,6,115
MEGHALAYA,2011, CYCLES/ SCOOTERS,0,2,45
MIZORAM,2011, CYCLES/ SCOOTERS,0,29,51
NAGALAND,2011, CYCLES/ SCOOTERS,0,21,117
ODISHA,2011, CYCLES/ SCOOTERS,34,381,1525
PUDUCHERRY,2011, CYCLES/ SCOOTERS,0,172,478
PUNJAB,2011, CYCLES/ SCOOTERS,415,385,1110
RAJASTHAN,2011, CYCLES/ SCOOTERS,100,1170,6574
SIKKIM,2011, CYCLES/ SCOOTERS,3,3,3
TAMIL NADU,2011, CYCLES/ SCOOTERS,1830,2222,2545
TRIPURA,2011, CYCLES/ SCOOTERS,0,13,51
UTTAR PRADESH,2011, CYCLES/ SCOOTERS,59,1660,7579
UTTARAKHAND,2011, CYCLES/ SCOOTERS,106,106,418
WEST BENGAL,2011, CYCLES/ SCOOTERS,47,353,1954
ANDHRA PRADESH,2011, CAR/TAXI/JEEP,0,149,298
ARUNACHAL PRADESH,2011, CAR/TAXI/JEEP,3,4,12
ASSAM,2011, CAR/TAXI/JEEP,11,101,264
BIHAR,2011, CAR/TAXI/JEEP,0,22,61
CHANDIGARH,2011, CAR/TAXI/JEEP,0,96,357
CHHATTISGARH,2011, CAR/TAXI/JEEP,0,40,99
DADRA & NAGAR HAVELI,2011, CAR/TAXI/JEEP,0,0,1
DAMAN & DIU,2011, CAR/TAXI/JEEP,0,2,5
DELHI,2011, CAR/TAXI/JEEP,49,536,3613
GOA,2011, CAR/TAXI/JEEP,2,9,32
GUJARAT,2011, CAR/TAXI/JEEP,64,156,508
HARYANA,2011, CAR/TAXI/JEEP,42,411,1237
HIMACHAL PRADESH,2011, CAR/TAXI/JEEP,10,37,86
JAMMU & KASHMIR,2011, CAR/TAXI/JEEP,0,35,130
JHARKHAND,2011, CAR/TAXI/JEEP,0,77,365
KARNATAKA,2011, CAR/TAXI/JEEP,11,132,546
KERALA,2011, CAR/TAXI/JEEP,6,148,606
MADHYA PRADESH,2011, CAR/TAXI/JEEP,25,177,469
MAHARASHTRA,2011, CAR/TAXI/JEEP,217,467,2219
MANIPUR,2011, CAR/TAXI/JEEP,0,1,12
MEGHALAYA,2011, CAR/TAXI/JEEP,0,3,15
MIZORAM,2011, CAR/TAXI/JEEP,0,10,15
NAGALAND,2011, CAR/TAXI/JEEP,18,9,56
ODISHA,2011, CAR/TAXI/JEEP,3,50,99
PUDUCHERRY,2011, CAR/TAXI/JEEP,0,7,11
PUNJAB,2011, CAR/TAXI/JEEP,157,173,577
RAJASTHAN,2011, CAR/TAXI/JEEP,31,315,1130
SIKKIM,2011, CAR/TAXI/JEEP,0,5,6
TAMIL NADU,2011, CAR/TAXI/JEEP,70,74,100
TRIPURA,2011, CAR/TAXI/JEEP,0,0,2
UTTAR PRADESH,2011, CAR/TAXI/JEEP,0,348,1458
UTTARAKHAND,2011, CAR/TAXI/JEEP,28,28,119
WEST BENGAL,2011, CAR/TAXI/JEEP,9,66,328
ANDHRA PRADESH,2011,BUSES,0,2,2
ARUNACHAL PRADESH,2011,BUSES,0,0,0
ASSAM,2011,BUSES,0,6,8
BIHAR,2011,BUSES,0,0,0
CHANDIGARH,2011,BUSES,0,0,0
CHHATTISGARH,2011,BUSES,0,0,0
DELHI,2011,BUSES,0,2,10
GUJARAT,2011,BUSES,5,10,22
HARYANA,2011,BUSES,2,5,7
HIMACHAL PRADESH,2011,BUSES,2,9,17
JAMMU & KASHMIR,2011,BUSES,0,2,5
KARNATAKA,2011,BUSES,1,13,25
KERALA,2011,BUSES,0,7,10
MADHYA PRADESH,2011,BUSES,8,19,24
MAHARASHTRA,2011,BUSES,1,7,28
MANIPUR,2011,BUSES,0,0,0
MEGHALAYA,2011,BUSES,0,0,0
MIZORAM,2011,BUSES,0,0,0
NAGALAND,2011,BUSES,0,0,0
ODISHA,2011,BUSES,0,0,0
PUNJAB,2011,BUSES,2,4,5
RAJASTHAN,2011,BUSES,0,11,13
TAMIL NADU,2011,BUSES,2,3,3
UTTAR PRADESH,2011,BUSES,0,23,51
WEST BENGAL,2011,BUSES,0,2,2
ANDHRA PRADESH,2011,TRUCKS/TEMPO ,0,29,44
ARUNACHAL PRADESH,2011,TRUCKS/TEMPO ,0,0,0
ASSAM,2011,TRUCKS/TEMPO ,6,31,136
BIHAR,2011,TRUCKS/TEMPO ,0,4,5
CHANDIGARH,2011,TRUCKS/TEMPO ,0,5,17
CHHATTISGARH,2011,TRUCKS/TEMPO ,0,0,0
DADRA & NAGAR HAVELI,2011,TRUCKS/TEMPO ,0,1,2
DAMAN & DIU,2011,TRUCKS/TEMPO ,0,0,1
DELHI,2011,TRUCKS/TEMPO ,2,13,153
GOA,2011,TRUCKS/TEMPO ,0,3,8
GUJARAT,2011,TRUCKS/TEMPO ,8,10,33
HARYANA,2011,TRUCKS/TEMPO ,7,161,421
HIMACHAL PRADESH,2011,TRUCKS/TEMPO ,0,15,41
JAMMU & KASHMIR,2011,TRUCKS/TEMPO ,0,14,19
JHARKHAND,2011,TRUCKS/TEMPO ,0,0,0
KARNATAKA,2011,TRUCKS/TEMPO ,3,31,67
KERALA,2011,TRUCKS/TEMPO ,1,31,100
MADHYA PRADESH,2011,TRUCKS/TEMPO ,9,51,122
MAHARASHTRA,2011,TRUCKS/TEMPO ,49,124,376
MANIPUR,2011,TRUCKS/TEMPO ,0,0,1
MEGHALAYA,2011,TRUCKS/TEMPO ,0,1,12
MIZORAM,2011,TRUCKS/TEMPO ,0,0,0
NAGALAND,2011,TRUCKS/TEMPO ,0,0,0
ODISHA,2011,TRUCKS/TEMPO ,0,3,13
PUDUCHERRY,2011,TRUCKS/TEMPO ,0,4,6
PUNJAB,2011,TRUCKS/TEMPO ,73,65,157
RAJASTHAN,2011,TRUCKS/TEMPO ,2,53,106
SIKKIM,2011,TRUCKS/TEMPO ,0,2,2
TAMIL NADU,2011,TRUCKS/TEMPO ,43,56,59
TRIPURA,2011,TRUCKS/TEMPO ,0,1,1
UTTAR PRADESH,2011,TRUCKS/TEMPO ,5,54,139
UTTARAKHAND,2011,TRUCKS/TEMPO ,2,2,4
WEST BENGAL,2011,TRUCKS/TEMPO ,2,4,22
ANDHRA PRADESH,2011,OTHER  VEHICLES,11,168,349
ARUNACHAL PRADESH,2011,OTHER  VEHICLES,0,0,0
ASSAM,2011,OTHER  VEHICLES,4,218,848
BIHAR,2011,OTHER  VEHICLES,0,37,456
CHANDIGARH,2011,OTHER  VEHICLES,0,2,5
CHHATTISGARH,2011,OTHER  VEHICLES,0,58,150
DELHI,2011,OTHER  VEHICLES,4,457,457
GUJARAT,2011,OTHER  VEHICLES,22,60,204
HARYANA,2011,OTHER  VEHICLES,27,149,325
HIMACHAL PRADESH,2011,OTHER  VEHICLES,1,5,7
JAMMU & KASHMIR,2011,OTHER  VEHICLES,0,49,139
JHARKHAND,2011,OTHER  VEHICLES,0,20,123
KARNATAKA,2011,OTHER  VEHICLES,10,209,558
KERALA,2011,OTHER  VEHICLES,0,44,96
MADHYA PRADESH,2011,OTHER  VEHICLES,21,140,343
MAHARASHTRA,2011,OTHER  VEHICLES,147,36,98
MANIPUR,2011,OTHER  VEHICLES,0,2,29
MEGHALAYA,2011,OTHER  VEHICLES,0,3,21
MIZORAM,2011,OTHER  VEHICLES,0,2,4
NAGALAND,2011,OTHER  VEHICLES,0,5,60
ODISHA,2011,OTHER  VEHICLES,0,24,96
PUDUCHERRY,2011,OTHER  VEHICLES,0,3,3
PUNJAB,2011,OTHER  VEHICLES,40,96,213
RAJASTHAN,2011,OTHER  VEHICLES,10,44,110
TAMIL NADU,2011,OTHER  VEHICLES,138,149,181
TRIPURA,2011,OTHER  VEHICLES,0,1,1
UTTAR PRADESH,2011,OTHER  VEHICLES,2,93,258
UTTARAKHAND,2011,OTHER  VEHICLES,2,2,4
WEST BENGAL,2011,OTHER  VEHICLES,1,21,118
ANDAMAN & NICOBAR ISLANDS,2012, CYCLES/ SCOOTERS,0,6,10
ANDHRA PRADESH,2012, CYCLES/ SCOOTERS,0,3316,6993
ARUNACHAL PRADESH,2012, CYCLES/ SCOOTERS,7,27,43
ASSAM,2012, CYCLES/ SCOOTERS,52,134,1255
BIHAR,2012, CYCLES/ SCOOTERS,0,340,2445
CHANDIGARH,2012, CYCLES/ SCOOTERS,0,135,662
CHHATTISGARH,2012, CYCLES/ SCOOTERS,0,428,1645
DADRA & NAGAR HAVELI,2012, CYCLES/ SCOOTERS,0,3,8
DAMAN & DIU,2012, CYCLES/ SCOOTERS,0,11,24
DELHI,2012, CYCLES/ SCOOTERS,4,754,5936
GOA,2012, CYCLES/ SCOOTERS,4,67,213
GUJARAT,2012, CYCLES/ SCOOTERS,637,1972,8976
HARYANA,2012, CYCLES/ SCOOTERS,300,1618,5779
HIMACHAL PRADESH,2012, CYCLES/ SCOOTERS,23,48,153
JAMMU & KASHMIR,2012, CYCLES/ SCOOTERS,4,78,430
JHARKHAND,2012, CYCLES/ SCOOTERS,0,280,2156
KARNATAKA,2012, CYCLES/ SCOOTERS,313,1679,7552
KERALA,2012, CYCLES/ SCOOTERS,40,423,1329
LAKSHADWEEP,2012, CYCLES/ SCOOTERS,1,1,1
MADHYA PRADESH,2012, CYCLES/ SCOOTERS,0,1997,10088
MAHARASHTRA,2012, CYCLES/ SCOOTERS,693,2803,13589
MANIPUR,2012, CYCLES/ SCOOTERS,10,5,232
MEGHALAYA,2012, CYCLES/ SCOOTERS,0,7,47
MIZORAM,2012, CYCLES/ SCOOTERS,0,19,25
NAGALAND,2012, CYCLES/ SCOOTERS,0,7,121
ODISHA,2012, CYCLES/ SCOOTERS,0,582,1771
PUDUCHERRY,2012, CYCLES/ SCOOTERS,0,147,418
PUNJAB,2012, CYCLES/ SCOOTERS,426,463,1307
RAJASTHAN,2012, CYCLES/ SCOOTERS,250,1216,7837
SIKKIM,2012, CYCLES/ SCOOTERS,1,1,1
TAMIL NADU,2012, CYCLES/ SCOOTERS,2035,2672,3424
TRIPURA,2012, CYCLES/ SCOOTERS,0,15,54
UTTAR PRADESH,2012, CYCLES/ SCOOTERS,209,1702,8419
UTTARAKHAND,2012, CYCLES/ SCOOTERS,0,127,506
WEST BENGAL,2012, CYCLES/ SCOOTERS,0,356,2158
ANDHRA PRADESH,2012, CAR/TAXI/JEEP,0,165,300
ARUNACHAL PRADESH,2012, CAR/TAXI/JEEP,0,10,17
ASSAM,2012, CAR/TAXI/JEEP,7,86,508
BIHAR,2012, CAR/TAXI/JEEP,0,31,134
CHANDIGARH,2012, CAR/TAXI/JEEP,0,108,426
CHHATTISGARH,2012, CAR/TAXI/JEEP,0,145,405
DADRA & NAGAR HAVELI,2012, CAR/TAXI/JEEP,0,0,1
DAMAN & DIU,2012, CAR/TAXI/JEEP,0,3,8
DELHI,2012, CAR/TAXI/JEEP,1,486,4388
GOA,2012, CAR/TAXI/JEEP,0,6,20
GUJARAT,2012, CAR/TAXI/JEEP,55,103,593
HARYANA,2012, CAR/TAXI/JEEP,53,434,1534
HIMACHAL PRADESH,2012, CAR/TAXI/JEEP,18,39,119
JAMMU & KASHMIR,2012, CAR/TAXI/JEEP,0,30,163
JHARKHAND,2012, CAR/TAXI/JEEP,0,42,277
KARNATAKA,2012, CAR/TAXI/JEEP,34,234,813
KERALA,2012, CAR/TAXI/JEEP,13,92,452
MADHYA PRADESH,2012, CAR/TAXI/JEEP,0,157,454
MAHARASHTRA,2012, CAR/TAXI/JEEP,86,256,2459
MANIPUR,2012, CAR/TAXI/JEEP,2,4,59
MEGHALAYA,2012, CAR/TAXI/JEEP,0,13,53
MIZORAM,2012, CAR/TAXI/JEEP,0,12,15
NAGALAND,2012, CAR/TAXI/JEEP,0,7,89
ODISHA,2012, CAR/TAXI/JEEP,0,30,125
PUDUCHERRY,2012, CAR/TAXI/JEEP,0,2,13
PUNJAB,2012, CAR/TAXI/JEEP,110,208,641
RAJASTHAN,2012, CAR/TAXI/JEEP,66,232,1223
SIKKIM,2012, CAR/TAXI/JEEP,0,6,6
TAMIL NADU,2012, CAR/TAXI/JEEP,121,135,200
TRIPURA,2012, CAR/TAXI/JEEP,0,2,3
UTTAR PRADESH,2012, CAR/TAXI/JEEP,58,334,1546
UTTARAKHAND,2012, CAR/TAXI/JEEP,0,26,124
WEST BENGAL,2012, CAR/TAXI/JEEP,0,76,272
ANDAMAN & NICOBAR ISLANDS,2012,BUSES,0,1,1
ANDHRA PRADESH,2012,BUSES,0,3,3
ARUNACHAL PRADESH,2012,BUSES,0,0,0
ASSAM,2012,BUSES,0,2,4
BIHAR,2012,BUSES,0,0,2
CHANDIGARH,2012,BUSES,0,0,1
CHHATTISGARH,2012,BUSES,0,0,0
DELHI,2012,BUSES,0,1,8
GOA,2012,BUSES,0,1,1
GUJARAT,2012,BUSES,8,10,21
HARYANA,2012,BUSES,1,7,8
HIMACHAL PRADESH,2012,BUSES,0,0,0
JAMMU & KASHMIR,2012,BUSES,0,0,0
JHARKHAND,2012,BUSES,0,0,1
KARNATAKA,2012,BUSES,1,3,4
KERALA,2012,BUSES,0,3,5
MAHARASHTRA,2012,BUSES,2,3,22
MANIPUR,2012,BUSES,0,0,0
MEGHALAYA,2012,BUSES,0,0,0
MIZORAM,2012,BUSES,0,0,0
NAGALAND,2012,BUSES,0,0,0
ODISHA,2012,BUSES,0,0,0
PUNJAB,2012,BUSES,0,4,2
RAJASTHAN,2012,BUSES,4,44,97
TAMIL NADU,2012,BUSES,0,0,0
UTTAR PRADESH,2012,BUSES,0,9,17
WEST BENGAL,2012,BUSES,0,0,0
ANDHRA PRADESH,2012,TRUCKS/TEMPO ,0,18,21
ARUNACHAL PRADESH,2012,TRUCKS/TEMPO ,0,0,0
ASSAM,2012,TRUCKS/TEMPO ,5,7,23
BIHAR,2012,TRUCKS/TEMPO ,0,1,2
CHANDIGARH,2012,TRUCKS/TEMPO ,0,1,4
CHHATTISGARH,2012,TRUCKS/TEMPO ,0,0,0
DADRA & NAGAR HAVELI,2012,TRUCKS/TEMPO ,0,0,8
DAMAN & DIU,2012,TRUCKS/TEMPO ,0,0,1
DELHI,2012,TRUCKS/TEMPO ,0,13,181
GOA,2012,TRUCKS/TEMPO ,1,3,17
GUJARAT,2012,TRUCKS/TEMPO ,12,14,48
HARYANA,2012,TRUCKS/TEMPO ,16,154,331
HIMACHAL PRADESH,2012,TRUCKS/TEMPO ,2,9,30
JAMMU & KASHMIR,2012,TRUCKS/TEMPO ,0,0,1
JHARKHAND,2012,TRUCKS/TEMPO ,0,3,15
KARNATAKA,2012,TRUCKS/TEMPO ,8,26,59
KERALA,2012,TRUCKS/TEMPO ,0,18,58
MAHARASHTRA,2012,TRUCKS/TEMPO ,42,138,586
MANIPUR,2012,TRUCKS/TEMPO ,0,0,0
MEGHALAYA,2012,TRUCKS/TEMPO ,0,1,9
MIZORAM,2012,TRUCKS/TEMPO ,0,0,0
NAGALAND,2012,TRUCKS/TEMPO ,0,0,8
ODISHA,2012,TRUCKS/TEMPO ,0,4,12
PUDUCHERRY,2012,TRUCKS/TEMPO ,0,3,7
PUNJAB,2012,TRUCKS/TEMPO ,26,42,124
RAJASTHAN,2012,TRUCKS/TEMPO ,3,60,144
SIKKIM,2012,TRUCKS/TEMPO ,0,2,2
TAMIL NADU,2012,TRUCKS/TEMPO ,39,55,65
UTTAR PRADESH,2012,TRUCKS/TEMPO ,23,70,170
UTTARAKHAND,2012,TRUCKS/TEMPO ,0,2,7
WEST BENGAL,2012,TRUCKS/TEMPO ,0,7,12
ANDHRA PRADESH,2012,OTHER  VEHICLES,0,309,531
ARUNACHAL PRADESH,2012,OTHER  VEHICLES,0,0,0
ASSAM,2012,OTHER  VEHICLES,3,69,88
BIHAR,2012,OTHER  VEHICLES,0,19,92
CHANDIGARH,2012,OTHER  VEHICLES,0,0,1
CHHATTISGARH,2012,OTHER  VEHICLES,0,32,68
DADRA & NAGAR HAVELI,2012,OTHER  VEHICLES,0,1,2
DELHI,2012,OTHER  VEHICLES,168,86,514
GOA,2012,OTHER  VEHICLES,0,0,2
GUJARAT,2012,OTHER  VEHICLES,21,129,305
HARYANA,2012,OTHER  VEHICLES,29,88,241
HIMACHAL PRADESH,2012,OTHER  VEHICLES,2,9,27
JAMMU & KASHMIR,2012,OTHER  VEHICLES,0,35,78
JHARKHAND,2012,OTHER  VEHICLES,0,9,22
KARNATAKA,2012,OTHER  VEHICLES,1,214,774
KERALA,2012,OTHER  VEHICLES,8,73,157
MADHYA PRADESH,2012,OTHER  VEHICLES,0,173,487
MAHARASHTRA,2012,OTHER  VEHICLES,52,134,253
MANIPUR,2012,OTHER  VEHICLES,0,0,6
MEGHALAYA,2012,OTHER  VEHICLES,0,6,23
MIZORAM,2012,OTHER  VEHICLES,0,3,3
NAGALAND,2012,OTHER  VEHICLES,0,3,33
ODISHA,2012,OTHER  VEHICLES,0,33,67
PUDUCHERRY,2012,OTHER  VEHICLES,0,4,5
PUNJAB,2012,OTHER  VEHICLES,30,35,86
RAJASTHAN,2012,OTHER  VEHICLES,3,66,195
TAMIL NADU,2012,OTHER  VEHICLES,41,49,58
TRIPURA,2012,OTHER  VEHICLES,0,8,8
UTTAR PRADESH,2012,OTHER  VEHICLES,19,76,219
UTTARAKHAND,2012,OTHER  VEHICLES,0,1,8
WEST BENGAL,2012,OTHER  VEHICLES,0,25,125
ANDAMAN & NICOBAR ISLANDS,2013, CYCLES/ SCOOTERS,0,8,9
ANDHRA PRADESH,2013, CYCLES/ SCOOTERS,659,3625,7244
ARUNACHAL PRADESH,2013, CYCLES/ SCOOTERS,7,30,83
ASSAM,2013, CYCLES/ SCOOTERS,43,214,1135
BIHAR,2013, CYCLES/ SCOOTERS,118,338,3200
CHANDIGARH,2013, CYCLES/ SCOOTERS,0,199,648
CHHATTISGARH,2013, CYCLES/ SCOOTERS,0,582,1882
DADRA & NAGAR HAVELI,2013, CYCLES/ SCOOTERS,0,2,10
DAMAN & DIU,2013, CYCLES/ SCOOTERS,0,5,27
DELHI,2013, CYCLES/ SCOOTERS,438,1164,7843
GOA,2013, CYCLES/ SCOOTERS,5,71,310
GUJARAT,2013, CYCLES/ SCOOTERS,918,2445,9821
HARYANA,2013, CYCLES/ SCOOTERS,307,1727,6070
HIMACHAL PRADESH,2013, CYCLES/ SCOOTERS,12,56,129
JAMMU & KASHMIR,2013, CYCLES/ SCOOTERS,0,73,362
JHARKHAND,2013, CYCLES/ SCOOTERS,0,477,2168
KARNATAKA,2013, CYCLES/ SCOOTERS,227,2263,9724
KERALA,2013, CYCLES/ SCOOTERS,24,550,1498
LAKSHADWEEP,2013, CYCLES/ SCOOTERS,0,1,1
MADHYA PRADESH,2013, CYCLES/ SCOOTERS,0,2027,9826
MAHARASHTRA,2013, CYCLES/ SCOOTERS,1083,3731,14723
MANIPUR,2013, CYCLES/ SCOOTERS,5,5,253
MEGHALAYA,2013, CYCLES/ SCOOTERS,3,7,99
MIZORAM,2013, CYCLES/ SCOOTERS,26,26,33
NAGALAND,2013, CYCLES/ SCOOTERS,0,9,83
ODISHA,2013, CYCLES/ SCOOTERS,108,571,2081
PUDUCHERRY,2013, CYCLES/ SCOOTERS,77,243,487
PUNJAB,2013, CYCLES/ SCOOTERS,215,764,1746
RAJASTHAN,2013, CYCLES/ SCOOTERS,374,1507,9787
SIKKIM,2013, CYCLES/ SCOOTERS,0,0,1
TAMIL NADU,2013, CYCLES/ SCOOTERS,2800,3571,4865
TRIPURA,2013, CYCLES/ SCOOTERS,0,24,63
UTTAR PRADESH,2013, CYCLES/ SCOOTERS,212,1718,11181
UTTARAKHAND,2013, CYCLES/ SCOOTERS,0,193,556
WEST BENGAL,2013, CYCLES/ SCOOTERS,265,477,3034
ANDAMAN & NICOBAR ISLANDS,2013, CAR/TAXI/JEEP,0,1,1
ANDHRA PRADESH,2013, CAR/TAXI/JEEP,49,253,436
ARUNACHAL PRADESH,2013, CAR/TAXI/JEEP,2,4,26
ASSAM,2013, CAR/TAXI/JEEP,5,97,443
BIHAR,2013, CAR/TAXI/JEEP,14,41,262
CHANDIGARH,2013, CAR/TAXI/JEEP,0,75,466
CHHATTISGARH,2013, CAR/TAXI/JEEP,0,76,236
DADRA & NAGAR HAVELI,2013, CAR/TAXI/JEEP,0,3,10
DAMAN & DIU,2013, CAR/TAXI/JEEP,0,0,4
DELHI,2013, CAR/TAXI/JEEP,289,580,4757
GOA,2013, CAR/TAXI/JEEP,1,4,19
GUJARAT,2013, CAR/TAXI/JEEP,49,155,763
HARYANA,2013, CAR/TAXI/JEEP,40,433,1587
HIMACHAL PRADESH,2013, CAR/TAXI/JEEP,4,62,166
JAMMU & KASHMIR,2013, CAR/TAXI/JEEP,2,122,433
JHARKHAND,2013, CAR/TAXI/JEEP,0,74,295
KARNATAKA,2013, CAR/TAXI/JEEP,58,252,959
KERALA,2013, CAR/TAXI/JEEP,4,109,307
LAKSHADWEEP,2013, CAR/TAXI/JEEP,0,4,4
MADHYA PRADESH,2013, CAR/TAXI/JEEP,0,234,675
MAHARASHTRA,2013, CAR/TAXI/JEEP,251,509,2523
MANIPUR,2013, CAR/TAXI/JEEP,1,1,51
MEGHALAYA,2013, CAR/TAXI/JEEP,0,12,59
MIZORAM,2013, CAR/TAXI/JEEP,6,6,8
NAGALAND,2013, CAR/TAXI/JEEP,0,21,103
ODISHA,2013, CAR/TAXI/JEEP,7,74,358
PUDUCHERRY,2013, CAR/TAXI/JEEP,0,3,9
PUNJAB,2013, CAR/TAXI/JEEP,41,248,870
RAJASTHAN,2013, CAR/TAXI/JEEP,158,321,1654
SIKKIM,2013, CAR/TAXI/JEEP,0,4,7
TAMIL NADU,2013, CAR/TAXI/JEEP,104,140,194
TRIPURA,2013, CAR/TAXI/JEEP,0,1,4
UTTAR PRADESH,2013, CAR/TAXI/JEEP,41,320,2718
UTTARAKHAND,2013, CAR/TAXI/JEEP,0,26,106
WEST BENGAL,2013, CAR/TAXI/JEEP,64,86,401
ANDHRA PRADESH,2013,BUSES,0,1,1
ARUNACHAL PRADESH,2013,BUSES,0,0,0
ASSAM,2013,BUSES,0,3,3
BIHAR,2013,BUSES,0,0,1
CHANDIGARH,2013,BUSES,0,0,1
CHHATTISGARH,2013,BUSES,0,0,0
DELHI,2013,BUSES,1,0,13
GOA,2013,BUSES,1,0,1
GUJARAT,2013,BUSES,3,6,11
HARYANA,2013,BUSES,1,6,6
HIMACHAL PRADESH,2013,BUSES,0,0,0
JAMMU & KASHMIR,2013,BUSES,0,0,0
JHARKHAND,2013,BUSES,0,0,1
KARNATAKA,2013,BUSES,1,0,5
KERALA,2013,BUSES,0,3,3
MADHYA PRADESH,2013,BUSES,0,0,0
MAHARASHTRA,2013,BUSES,2,6,10
MANIPUR,2013,BUSES,0,0,0
MEGHALAYA,2013,BUSES,0,0,0
ODISHA,2013,BUSES,0,0,0
PUNJAB,2013,BUSES,0,1,1
RAJASTHAN,2013,BUSES,0,4,5
TAMIL NADU,2013,BUSES,4,4,4
TRIPURA,2013,BUSES,0,1,1
UTTAR PRADESH,2013,BUSES,0,6,20
WEST BENGAL,2013,BUSES,0,1,1
ANDHRA PRADESH,2013,TRUCKS/TEMPO ,5,66,94
ARUNACHAL PRADESH,2013,TRUCKS/TEMPO ,0,0,0
ASSAM,2013,TRUCKS/TEMPO ,4,11,22
BIHAR,2013,TRUCKS/TEMPO ,1,11,38
CHANDIGARH,2013,TRUCKS/TEMPO ,0,0,1
CHHATTISGARH,2013,TRUCKS/TEMPO ,0,0,0
DELHI,2013,TRUCKS/TEMPO ,7,24,173
GOA,2013,TRUCKS/TEMPO ,1,9,15
GUJARAT,2013,TRUCKS/TEMPO ,11,19,93
HARYANA,2013,TRUCKS/TEMPO ,21,107,276
HIMACHAL PRADESH,2013,TRUCKS/TEMPO ,1,6,21
JAMMU & KASHMIR,2013,TRUCKS/TEMPO ,1,20,41
JHARKHAND,2013,TRUCKS/TEMPO ,0,6,32
KARNATAKA,2013,TRUCKS/TEMPO ,6,44,115
KERALA,2013,TRUCKS/TEMPO ,0,29,84
MADHYA PRADESH,2013,TRUCKS/TEMPO ,0,0,0
MAHARASHTRA,2013,TRUCKS/TEMPO ,43,190,730
MANIPUR,2013,TRUCKS/TEMPO ,0,0,0
MEGHALAYA,2013,TRUCKS/TEMPO ,0,3,7
NAGALAND,2013,TRUCKS/TEMPO ,0,2,13
ODISHA,2013,TRUCKS/TEMPO ,5,11,21
PUDUCHERRY,2013,TRUCKS/TEMPO ,0,2,3
PUNJAB,2013,TRUCKS/TEMPO ,1,49,128
RAJASTHAN,2013,TRUCKS/TEMPO ,0,60,184
SIKKIM,2013,TRUCKS/TEMPO ,0,1,2
TAMIL NADU,2013,TRUCKS/TEMPO ,20,49,55
TRIPURA,2013,TRUCKS/TEMPO ,0,3,3
UTTAR PRADESH,2013,TRUCKS/TEMPO ,11,52,168
UTTARAKHAND,2013,TRUCKS/TEMPO ,0,7,29
WEST BENGAL,2013,TRUCKS/TEMPO ,2,6,38
ANDHRA PRADESH,2013,OTHER  VEHICLES,0,332,482
ARUNACHAL PRADESH,2013,OTHER  VEHICLES,0,0,0
ASSAM,2013,OTHER  VEHICLES,3,2,106
BIHAR,2013,OTHER  VEHICLES,12,24,173
CHANDIGARH,2013,OTHER  VEHICLES,0,1,1
CHHATTISGARH,2013,OTHER  VEHICLES,0,31,70
DADRA & NAGAR HAVELI,2013,OTHER  VEHICLES,0,0,3
DELHI,2013,OTHER  VEHICLES,3,118,465
GOA,2013,OTHER  VEHICLES,0,0,1
GUJARAT,2013,OTHER  VEHICLES,23,128,457
HARYANA,2013,OTHER  VEHICLES,36,152,431
HIMACHAL PRADESH,2013,OTHER  VEHICLES,2,6,15
JAMMU & KASHMIR,2013,OTHER  VEHICLES,0,22,45
JHARKHAND,2013,OTHER  VEHICLES,0,0,0
KARNATAKA,2013,OTHER  VEHICLES,59,87,217
KERALA,2013,OTHER  VEHICLES,2,51,136
MADHYA PRADESH,2013,OTHER  VEHICLES,0,192,454
MAHARASHTRA,2013,OTHER  VEHICLES,94,179,250
MANIPUR,2013,OTHER  VEHICLES,1,1,16
MEGHALAYA,2013,OTHER  VEHICLES,1,5,15
MIZORAM,2013,OTHER  VEHICLES,27,27,36
NAGALAND,2013,OTHER  VEHICLES,0,4,17
ODISHA,2013,OTHER  VEHICLES,1,20,61
PUDUCHERRY,2013,OTHER  VEHICLES,1,2,3
PUNJAB,2013,OTHER  VEHICLES,6,39,97
RAJASTHAN,2013,OTHER  VEHICLES,2,50,153
TAMIL NADU,2013,OTHER  VEHICLES,57,62,80
TRIPURA,2013,OTHER  VEHICLES,0,0,0
UTTAR PRADESH,2013,OTHER  VEHICLES,25,93,291
UTTARAKHAND,2013,OTHER  VEHICLES,0,3,11
WEST BENGAL,2013,OTHER  VEHICLES,25,31,144
ANDAMAN & NICOBAR ISLANDS,2014, CYCLES/ SCOOTERS,0,12,21
ANDHRA PRADESH,2014, CYCLES/ SCOOTERS,648,4298,6116
ARUNACHAL PRADESH,2014, CYCLES/ SCOOTERS,3,44,133
ASSAM,2014, CYCLES/ SCOOTERS,26,126,458
BIHAR,2014, CYCLES/ SCOOTERS,5,324,3575
CHANDIGARH,2014, CYCLES/ SCOOTERS,0,178,536
CHHATTISGARH,2014, CYCLES/ SCOOTERS,0,508,1848
DADRA & NAGAR HAVELI,2014, CYCLES/ SCOOTERS,0,8,23
DAMAN & DIU,2014, CYCLES/ SCOOTERS,0,9,25
DELHI,2014, CYCLES/ SCOOTERS,58,1225,9085
GOA,2014, CYCLES/ SCOOTERS,7,125,337
GUJARAT,2014, CYCLES/ SCOOTERS,724,2122,8403
HARYANA,2014, CYCLES/ SCOOTERS,513,2248,8687
HIMACHAL PRADESH,2014, CYCLES/ SCOOTERS,0,48,137
JAMMU & KASHMIR,2014, CYCLES/ SCOOTERS,5,94,510
JHARKHAND,2014, CYCLES/ SCOOTERS,27,373,2268
KARNATAKA,2014, CYCLES/ SCOOTERS,263,2732,9001
KERALA,2014, CYCLES/ SCOOTERS,2,495,1142
MADHYA PRADESH,2014, CYCLES/ SCOOTERS,196,2339,10870
MAHARASHTRA,2014, CYCLES/ SCOOTERS,932,3791,15126
MANIPUR,2014, CYCLES/ SCOOTERS,12,12,236
MEGHALAYA,2014, CYCLES/ SCOOTERS,0,21,99
MIZORAM,2014, CYCLES/ SCOOTERS,30,30,38
NAGALAND,2014, CYCLES/ SCOOTERS,0,12,140
ODISHA,2014, CYCLES/ SCOOTERS,4,673,2250
PUDUCHERRY,2014, CYCLES/ SCOOTERS,156,156,371
PUNJAB,2014, CYCLES/ SCOOTERS,390,812,1572
RAJASTHAN,2014, CYCLES/ SCOOTERS,791,1715,11199
SIKKIM,2014, CYCLES/ SCOOTERS,0,4,6
TAMIL NADU,2014, CYCLES/ SCOOTERS,2368,3234,4791
TRIPURA,2014, CYCLES/ SCOOTERS,0,21,43
UTTAR PRADESH,2014, CYCLES/ SCOOTERS,394,1921,13168
UTTARAKHAND,2014, CYCLES/ SCOOTERS,0,203,727
WEST BENGAL,2014, CYCLES/ SCOOTERS,41,491,3539
ANDHRA PRADESH,2014, CAR/TAXI/JEEP,203,530,602
ARUNACHAL PRADESH,2014, CAR/TAXI/JEEP,0,2,5
ASSAM,2014, CAR/TAXI/JEEP,7,32,103
BIHAR,2014, CAR/TAXI/JEEP,0,45,360
CHANDIGARH,2014, CAR/TAXI/JEEP,0,75,355
CHHATTISGARH,2014, CAR/TAXI/JEEP,0,52,152
DADRA & NAGAR HAVELI,2014, CAR/TAXI/JEEP,0,1,6
DAMAN & DIU,2014, CAR/TAXI/JEEP,0,1,2
DELHI,2014, CAR/TAXI/JEEP,24,594,5281
GOA,2014, CAR/TAXI/JEEP,3,9,20
GUJARAT,2014, CAR/TAXI/JEEP,58,170,843
HARYANA,2014, CAR/TAXI/JEEP,61,499,1918
HIMACHAL PRADESH,2014, CAR/TAXI/JEEP,0,61,161
JAMMU & KASHMIR,2014, CAR/TAXI/JEEP,5,93,334
JHARKHAND,2014, CAR/TAXI/JEEP,3,54,368
KARNATAKA,2014, CAR/TAXI/JEEP,45,442,1087
KERALA,2014, CAR/TAXI/JEEP,1,56,180
MADHYA PRADESH,2014, CAR/TAXI/JEEP,46,299,780
MAHARASHTRA,2014, CAR/TAXI/JEEP,238,571,2612
MANIPUR,2014, CAR/TAXI/JEEP,4,4,47
MEGHALAYA,2014, CAR/TAXI/JEEP,0,19,43
MIZORAM,2014, CAR/TAXI/JEEP,13,13,18
NAGALAND,2014, CAR/TAXI/JEEP,2,12,81
ODISHA,2014, CAR/TAXI/JEEP,0,82,181
PUDUCHERRY,2014, CAR/TAXI/JEEP,4,4,12
PUNJAB,2014, CAR/TAXI/JEEP,92,315,943
RAJASTHAN,2014, CAR/TAXI/JEEP,189,256,1491
SIKKIM,2014, CAR/TAXI/JEEP,0,2,2
TAMIL NADU,2014, CAR/TAXI/JEEP,119,185,265
TRIPURA,2014, CAR/TAXI/JEEP,0,2,2
UTTAR PRADESH,2014, CAR/TAXI/JEEP,65,374,3046
UTTARAKHAND,2014, CAR/TAXI/JEEP,0,26,96
WEST BENGAL,2014, CAR/TAXI/JEEP,4,89,401
ANDHRA PRADESH,2014,BUSES,6,49,65
ARUNACHAL PRADESH,2014,BUSES,0,0,0
ASSAM,2014,BUSES,0,2,2
CHANDIGARH,2014,BUSES,0,0,0
CHHATTISGARH,2014,BUSES,0,0,0
DELHI,2014,BUSES,0,1,6
GUJARAT,2014,BUSES,0,0,1
HARYANA,2014,BUSES,1,3,9
HIMACHAL PRADESH,2014,BUSES,0,0,0
JAMMU & KASHMIR,2014,BUSES,0,4,5
JHARKHAND,2014,BUSES,0,0,0
KARNATAKA,2014,BUSES,0,1,1
KERALA,2014,BUSES,0,0,0
MAHARASHTRA,2014,BUSES,3,6,11
MANIPUR,2014,BUSES,0,0,0
MEGHALAYA,2014,BUSES,0,0,0
MIZORAM,2014,BUSES,0,0,0
NAGALAND,2014,BUSES,0,0,0
ODISHA,2014,BUSES,0,1,0
PUNJAB,2014,BUSES,1,6,8
RAJASTHAN,2014,BUSES,1,9,26
TAMIL NADU,2014,BUSES,1,1,1
UTTAR PRADESH,2014,BUSES,0,5,10
UTTARAKHAND,2014,BUSES,0,1,1
WEST BENGAL,2014,BUSES,0,1,1
ANDHRA PRADESH,2014,TRUCKS/TEMPO ,1,14,15
ARUNACHAL PRADESH,2014,TRUCKS/TEMPO ,0,0,0
ASSAM,2014,TRUCKS/TEMPO ,3,3,11
BIHAR,2014,TRUCKS/TEMPO ,0,11,27
CHANDIGARH,2014,TRUCKS/TEMPO ,0,3,7
CHHATTISGARH,2014,TRUCKS/TEMPO ,0,0,0
DADRA & NAGAR HAVELI,2014,TRUCKS/TEMPO ,0,1,5
DAMAN & DIU,2014,TRUCKS/TEMPO ,0,1,1
DELHI,2014,TRUCKS/TEMPO ,1,40,201
GOA,2014,TRUCKS/TEMPO ,0,7,14
GUJARAT,2014,TRUCKS/TEMPO ,22,28,121
HARYANA,2014,TRUCKS/TEMPO ,33,144,349
HIMACHAL PRADESH,2014,TRUCKS/TEMPO ,0,0,0
JAMMU & KASHMIR,2014,TRUCKS/TEMPO ,0,22,45
JHARKHAND,2014,TRUCKS/TEMPO ,0,0,0
KARNATAKA,2014,TRUCKS/TEMPO ,3,22,47
KERALA,2014,TRUCKS/TEMPO ,1,23,62
MAHARASHTRA,2014,TRUCKS/TEMPO ,42,160,595
MANIPUR,2014,TRUCKS/TEMPO ,0,0,0
MEGHALAYA,2014,TRUCKS/TEMPO ,0,1,2
MIZORAM,2014,TRUCKS/TEMPO ,0,0,0
NAGALAND,2014,TRUCKS/TEMPO ,0,4,5
ODISHA,2014,TRUCKS/TEMPO ,0,8,48
PUNJAB,2014,TRUCKS/TEMPO ,20,49,103
RAJASTHAN,2014,TRUCKS/TEMPO ,19,71,224
TAMIL NADU,2014,TRUCKS/TEMPO ,21,29,34
TRIPURA,2014,TRUCKS/TEMPO ,0,1,2
UTTAR PRADESH,2014,TRUCKS/TEMPO ,17,50,161
UTTARAKHAND,2014,TRUCKS/TEMPO ,0,10,17
WEST BENGAL,2014,TRUCKS/TEMPO ,1,12,56
ANDAMAN & NICOBAR ISLANDS,2014,OTHER  VEHICLES,0,0,1
ANDHRA PRADESH,2014,OTHER  VEHICLES,34,562,624
ARUNACHAL PRADESH,2014,OTHER  VEHICLES,0,0,1
ASSAM,2014,OTHER  VEHICLES,5,3,26
BIHAR,2014,OTHER  VEHICLES,0,20,309
CHANDIGARH,2014,OTHER  VEHICLES,0,0,0
CHHATTISGARH,2014,OTHER  VEHICLES,0,43,139
DELHI,2014,OTHER  VEHICLES,2,64,458
GOA,2014,OTHER  VEHICLES,0,1,1
GUJARAT,2014,OTHER  VEHICLES,11,123,461
HARYANA,2014,OTHER  VEHICLES,45,160,435
HIMACHAL PRADESH,2014,OTHER  VEHICLES,0,17,36
JAMMU & KASHMIR,2014,OTHER  VEHICLES,4,27,74
JHARKHAND,2014,OTHER  VEHICLES,0,13,48
KARNATAKA,2014,OTHER  VEHICLES,6,177,503
KERALA,2014,OTHER  VEHICLES,0,52,94
MADHYA PRADESH,2014,OTHER  VEHICLES,17,139,410
MAHARASHTRA,2014,OTHER  VEHICLES,51,113,261
MANIPUR,2014,OTHER  VEHICLES,2,2,3
MEGHALAYA,2014,OTHER  VEHICLES,0,1,8
MIZORAM,2014,OTHER  VEHICLES,9,9,13
NAGALAND,2014,OTHER  VEHICLES,0,6,51
ODISHA,2014,OTHER  VEHICLES,0,45,148
PUDUCHERRY,2014,OTHER  VEHICLES,1,1,1
PUNJAB,2014,OTHER  VEHICLES,26,88,87
RAJASTHAN,2014,OTHER  VEHICLES,37,128,169
TAMIL NADU,2014,OTHER  VEHICLES,54,92,114
TRIPURA,2014,OTHER  VEHICLES,0,2,3
UTTAR PRADESH,2014,OTHER  VEHICLES,29,84,320
UTTARAKHAND,2014,OTHER  VEHICLES,0,4,12
WEST BENGAL,2014,OTHER  VEHICLES,1,48,308
